{
"type": "FeatureCollection",
"name": "imd_subdivisions",
"crs": { "type": "name", "properties": { "name": "urn:ogc:def:crs:OGC:1.3:CRS84" } },
"features": [
{ "type": "Feature", "properties": { "rid": 0, "name": "CHHATTISGARH", "zone": "Central", "imd_region": "CENTRAL INDIA", "STATE": "CHHATTISGARH" }, "geometry": { "type": "Polygon", "coordinates": [ [ [ 82.778065666612207, 23.885414313023329 ], [ 82.775010000262242, 23.842479999972607 ], [ 82.989930000361426, 23.747879999848877 ], [ 83.182710000349218, 23.799549999668894 ], [ 83.262310000357601, 23.906950000252831 ], [ 83.474689999686461, 23.897959999846993 ], [ 83.60889999967479, 23.820500000240301 ], [ 83.683780000168284, 23.607159999784106 ], [ 83.779080000080256, 23.486830000053786 ], [ 83.885710000059092, 23.463910000185351 ], [ 83.9289700003566, 23.537120000380011 ], [ 84.004840000507613, 23.534509999928279 ], [ 83.953560000493539, 23.28469999979205 ], [ 84.0546000002456, 23.25432999994257 ], [ 84.036480000121529, 23.164440000056338 ], [ 84.012860000183522, 23.097300000004026 ], [ 84.116159999918779, 22.913570000029029 ], [ 84.343220000487221, 22.880670000434193 ], [ 84.354119999925487, 22.821390000160733 ], [ 84.189400000325719, 22.584119999583436 ], [ 83.98607000011593, 22.467559999670847 ], [ 83.957540000457271, 22.445110000074823 ], [ 84.03463999999579, 22.326989999588328 ], [ 83.552500000452739, 22.055879999637099 ], [ 83.525650000362091, 21.950159999755726 ], [ 83.589359999765279, 21.820840000067189 ], [ 83.56649999957358, 21.748759999747197 ], [ 83.382410000451202, 21.667529999686334 ], [ 83.43442999989368, 21.600910000175848 ], [ 83.338549999862792, 21.479560000010967 ], [ 83.371699999612346, 21.313059999855074 ], [ 83.27232999979752, 21.313400000081931 ], [ 83.146230000250014, 21.079350000263705 ], [ 82.675189999547825, 21.107380000441932 ], [ 82.634449999589322, 21.094090000245114 ], [ 82.639199999921161, 21.019879999790948 ], [ 82.480710000135161, 20.796029999861123 ], [ 82.340350000003227, 20.780360000329587 ], [ 82.4036600004398, 20.382650000363153 ], [ 82.375110000154336, 20.039819999687875 ], [ 82.462439999708067, 19.963449999705347 ], [ 82.701080000386327, 19.895899999837347 ], [ 82.6045300001865, 19.749810000224858 ], [ 82.590960000323193, 19.824249999624904 ], [ 82.3950099995279, 19.852120000022367 ], [ 82.344239999951583, 19.802699999876868 ], [ 82.249980000350703, 19.945010000425523 ], [ 81.948590000363211, 20.042460000315113 ], [ 81.87227000009176, 19.986739999624682 ], [ 81.855199999883283, 19.870019999792017 ], [ 82.013889999711566, 19.759610000029305 ], [ 82.026699999937563, 19.525569999714946 ], [ 82.167659999676758, 19.362290000375623 ], [ 82.215990000250173, 18.876050000376875 ], [ 82.086759999532106, 18.697519999726413 ], [ 81.936570000435907, 18.621320000382962 ], [ 81.974620000400506, 18.541910000004574 ], [ 81.495169999690972, 18.150409999682513 ], [ 81.470480000014533, 17.901659999658818 ], [ 81.40329999974206, 17.776850000446018 ], [ 81.192949999929269, 17.819549999885545 ], [ 81.063289999959622, 17.749949999875959 ], [ 81.020719999980358, 17.770710000401607 ], [ 80.982319999856841, 18.126820000319064 ], [ 80.874310000272402, 18.120119999725031 ], [ 80.876599999915271, 18.178639999775715 ], [ 80.78582999966045, 18.126259999964077 ], [ 80.742200000389147, 18.332750000241255 ], [ 80.607780000034509, 18.53414000016911 ], [ 80.415889999548142, 18.575919999848125 ], [ 80.334960000028474, 18.577180000410159 ], [ 80.252400000276921, 18.688939999691321 ], [ 80.376630000299215, 18.783189999899552 ], [ 80.272740000295201, 18.974880000383958 ], [ 80.29739000004875, 19.048149999988638 ], [ 80.418859999575005, 19.12008000045509 ], [ 80.556820000289136, 19.35709999976536 ], [ 80.633109999717973, 19.339999999883826 ], [ 80.686360000162992, 19.221810000244052 ], [ 80.881590000148663, 19.306960000168896 ], [ 80.834950000156638, 19.364820000004848 ], [ 80.897110000149297, 19.439599999631778 ], [ 80.842559999954261, 19.491939999622613 ], [ 80.667579999848755, 19.573719999862945 ], [ 80.560519999568044, 19.746900000428532 ], [ 80.406520000027143, 19.762460000152274 ], [ 80.499989999830433, 19.821430000463067 ], [ 80.429389999929072, 19.843090000367141 ], [ 80.442380000373532, 19.900560000223056 ], [ 80.519809999613784, 19.864950000419828 ], [ 80.545549999975819, 19.913999999716722 ], [ 80.516780000163607, 20.078340000212052 ], [ 80.420530000139308, 20.101039999691952 ], [ 80.420960000263179, 20.215139999802876 ], [ 80.620879999775369, 20.262409999580239 ], [ 80.615109999943485, 20.497059999913603 ], [ 80.50808999983154, 20.585679999646228 ], [ 80.590139999611111, 20.635340000423785 ], [ 80.568090000213914, 20.773570000155662 ], [ 80.470980000368414, 20.916770000154209 ], [ 80.464700000281994, 21.076180000023086 ], [ 80.69675999969796, 21.22695000041838 ], [ 80.701969999834276, 21.27787000043212 ], [ 80.62719155119153, 21.290059704694293 ], [ 80.726943562755395, 21.464433281918602 ], [ 80.741706231282691, 21.780001710135515 ], [ 80.864554379099943, 21.780147997077076 ], [ 80.910434377075774, 22.08137199097488 ], [ 81.064306077762481, 22.05269931178989 ], [ 81.141636060126359, 22.454224659629695 ], [ 81.326954201010039, 22.525662498590567 ], [ 81.419316231010427, 22.4394007324982 ], [ 81.806315193088935, 22.667378691589672 ], [ 81.854366105476757, 22.939586912221284 ], [ 81.963961005578099, 23.111029041657822 ], [ 82.149968322824392, 23.109783089441571 ], [ 82.182480393923967, 23.281600598519979 ], [ 81.966859725580946, 23.512493412230544 ], [ 81.764981454014091, 23.55663230349775 ], [ 81.655748447175498, 23.485436138621864 ], [ 81.609971602176401, 23.672029158912945 ], [ 81.703762315576654, 23.743324483105393 ], [ 81.626776591870154, 23.930056425134602 ], [ 81.828550128620563, 23.771382416557028 ], [ 81.922528664636843, 23.842539052794049 ], [ 82.296021888677018, 23.782503639424135 ], [ 82.607555472348224, 23.779573713064522 ], [ 82.778065666612207, 23.885414313023329 ] ] ] } },
{ "type": "Feature", "properties": { "rid": 1, "name": "EAST MADHYA PRADESH", "zone": "Central", "imd_region": "CENTRAL INDIA", "STATE": "MADHYA PRADESH" }, "geometry": { "type": "Polygon", "coordinates": [ [ [ 78.458437975516006, 21.54401220395706 ], [ 78.467214436728412, 21.770357974275022 ], [ 78.515872723031947, 21.914425145599431 ], [ 78.375118543319104, 21.912238258582011 ], [ 78.360116330707342, 22.031426576883387 ], [ 78.267722198103868, 22.173215201562602 ], [ 78.262839447242527, 22.423910862704506 ], [ 78.352724783368302, 22.425409873429505 ], [ 78.533782087478983, 22.356616311915143 ], [ 78.543887238888544, 22.512035911647587 ], [ 78.51496998816944, 22.690739268328198 ], [ 78.708395991238547, 22.669738631789738 ], [ 78.640778804318387, 22.85985620581927 ], [ 78.471075318100446, 22.976673370951318 ], [ 78.791327801618991, 23.112848885369257 ], [ 78.762726942492634, 23.279660365352374 ], [ 78.617780914695913, 23.432782977711806 ], [ 78.718419240357861, 23.601492106677206 ], [ 78.512255290935386, 23.538614808174085 ], [ 78.469047718878272, 23.764807427086566 ], [ 78.380881362624777, 23.631986350672562 ], [ 78.288465888854432, 23.713980088903785 ], [ 78.242753790398552, 24.03554679117395 ], [ 78.139327143580147, 24.009770654735735 ], [ 78.070028052864217, 24.199474179413151 ], [ 78.092788681181318, 24.343170261184849 ], [ 78.20597173512337, 24.392890317201775 ], [ 78.334469999980456, 24.217910000461575 ], [ 78.495409999924334, 24.292599999917513 ], [ 78.741360000401528, 24.077909999642817 ], [ 78.856640000431497, 24.130939999828271 ], [ 78.835550000019026, 24.185240000251905 ], [ 78.927939999915864, 24.305810000489522 ], [ 78.979179999782289, 24.351780000306103 ], [ 78.961810000033594, 24.36998000006426 ], [ 78.863790000442165, 24.395619999702536 ], [ 78.896279999977352, 24.43040000031343 ], [ 78.860049999835354, 24.520859999672233 ], [ 78.700830000130168, 24.547939999848246 ], [ 78.745199999899668, 24.820550000057434 ], [ 78.590369999563322, 24.899590000068528 ], [ 78.534509999922761, 25.134940000161475 ], [ 78.399089999534596, 25.217410000262603 ], [ 78.570170000265463, 25.379799999921275 ], [ 78.713249999471586, 25.329369999709304 ], [ 78.817020000104549, 25.398449999969987 ], [ 78.861949999539405, 25.503979999996893 ], [ 78.908530000470819, 25.479879999824377 ], [ 78.917089999832172, 25.322729999860503 ], [ 78.860999999976599, 25.330840000373716 ], [ 78.737960000219672, 25.208940000341293 ], [ 78.763629999631902, 25.179360000128018 ], [ 78.833160000314678, 25.261069999705743 ], [ 78.882869999794465, 25.242610000411752 ], [ 78.851239999833808, 25.114159999791575 ], [ 78.959150000273908, 25.186949999850405 ], [ 79.027470000251469, 25.163529999866746 ], [ 78.99568000026774, 25.113680000276556 ], [ 79.124689999839859, 25.045080000136419 ], [ 79.270119999755508, 25.045350000162212 ], [ 79.236739999640506, 25.188720000407901 ], [ 79.248169999627748, 25.264319999931136 ], [ 79.283440000323921, 25.25728999987852 ], [ 79.44885999956125, 25.190939999917955 ], [ 79.353459999725871, 24.989440000473341 ], [ 79.560389999698913, 25.074969999699206 ], [ 79.823589999740236, 25.033540000373097 ], [ 79.819309999687363, 25.149129999638202 ], [ 79.934000000392984, 25.169269999747765 ], [ 80.090900000122119, 25.278630000434667 ], [ 80.256260000400459, 25.330940000205601 ], [ 80.298120000266849, 25.183529999774688 ], [ 80.418939999581809, 25.142710000406954 ], [ 80.409229999633666, 25.073740000204712 ], [ 80.325870000461492, 25.06186000036616 ], [ 80.351169999754674, 25.027350000375044 ], [ 80.258300000074442, 24.952129999697995 ], [ 80.362559999995355, 24.921050000295025 ], [ 80.428010000076782, 24.974910000483344 ], [ 80.455220000397958, 24.883490000113696 ], [ 80.535160000306249, 24.934220000392919 ], [ 80.510779999607792, 25.010440000078319 ], [ 80.565350000070822, 24.987700000081162 ], [ 80.596850000114955, 25.052499999837654 ], [ 80.722759999768286, 24.966880000210349 ], [ 80.760360000353387, 24.976610000120548 ], [ 80.696879999944088, 25.018500000128174 ], [ 80.853119999562253, 25.037400000453559 ], [ 80.897879999896205, 25.086749999973005 ], [ 80.791630000285878, 24.88886000046125 ], [ 80.823429999979453, 24.825710000326247 ], [ 81.044140000444003, 24.856520000239247 ], [ 81.12308000013158, 24.816080000201374 ], [ 81.19846999982596, 24.84393000036173 ], [ 81.271920000219382, 25.084019999778473 ], [ 81.401909999589776, 25.047170000308554 ], [ 81.397139999630568, 24.982850000388066 ], [ 81.479369999516223, 24.989600000194461 ], [ 81.494189999951757, 25.119049999846631 ], [ 81.552020000020391, 25.144300000134088 ], [ 81.612650000137052, 25.040649999661831 ], [ 81.586669999910058, 25.001439999730838 ], [ 81.676389999854393, 24.939730000480367 ], [ 81.85125999957495, 24.917670000374077 ], [ 81.932619999958703, 24.785890000451506 ], [ 82.074579999641514, 24.744509999995962 ], [ 82.162780000017094, 24.675949999993904 ], [ 82.217680000225485, 24.668679999789671 ], [ 82.212209999834883, 24.595989999839386 ], [ 82.295180000438052, 24.597670000038931 ], [ 82.321010000034349, 24.527750000438761 ], [ 82.376160000261152, 24.501649999644449 ], [ 82.401859999670123, 24.594900000330426 ], [ 82.699769999955521, 24.576439999727935 ], [ 82.79099999954515, 24.515090000338105 ], [ 82.81459000038565, 24.446110000228593 ], [ 82.737269999949845, 24.45682000045349 ], [ 82.71909000000629, 24.314020000157047 ], [ 82.797790000443797, 24.191250000506226 ], [ 82.716339999544644, 24.041580000335625 ], [ 82.650569999781354, 24.052899999862316 ], [ 82.628420000052188, 24.006969999617759 ], [ 82.780260000303258, 23.916220000333375 ], [ 82.778065666612207, 23.885414313023329 ], [ 82.607555472348224, 23.779573713064522 ], [ 82.296021888677018, 23.782503639424135 ], [ 81.922528664636843, 23.842539052794049 ], [ 81.828550128620563, 23.771382416557028 ], [ 81.626776591870154, 23.930056425134602 ], [ 81.703762315576654, 23.743324483105393 ], [ 81.609971602176401, 23.672029158912945 ], [ 81.655748447175498, 23.485436138621864 ], [ 81.764981454014091, 23.55663230349775 ], [ 81.966859725580946, 23.512493412230544 ], [ 82.182480393923967, 23.281600598519979 ], [ 82.149968322824392, 23.109783089441571 ], [ 81.963961005578099, 23.111029041657822 ], [ 81.854366105476757, 22.939586912221284 ], [ 81.806315193088935, 22.667378691589672 ], [ 81.419316231010427, 22.4394007324982 ], [ 81.326954201010039, 22.525662498590567 ], [ 81.141636060126359, 22.454224659629695 ], [ 81.064306077762481, 22.05269931178989 ], [ 80.910434377075774, 22.08137199097488 ], [ 80.864554379099943, 21.780147997077076 ], [ 80.741706231282691, 21.780001710135515 ], [ 80.726943562755395, 21.464433281918602 ], [ 80.62719155119153, 21.290059704694293 ], [ 80.438879999930933, 21.320599999942058 ], [ 80.434260000288958, 21.423290000419218 ], [ 80.327780000288897, 21.529950000307885 ], [ 79.965669999892711, 21.507890000110308 ], [ 79.831730000262908, 21.452810000360429 ], [ 79.579789999733833, 21.515450000261964 ], [ 79.470129999647028, 21.613159999712714 ], [ 79.280209999980897, 21.67177000024029 ], [ 79.230779999622669, 21.59700000039668 ], [ 78.980560000477155, 21.530950000133814 ], [ 78.962610000391393, 21.443089999774362 ], [ 78.639819999614986, 21.401170000193108 ], [ 78.476539999655287, 21.459079999933817 ], [ 78.465260000005173, 21.537759999700882 ], [ 78.458437975516006, 21.54401220395706 ] ] ] } },
{ "type": "Feature", "properties": { "rid": 2, "name": "GUJARAT REGION", "zone": "Central", "imd_region": "CENTRAL INDIA", "STATE": "GUJARAT" }, "geometry": { "type": "Polygon", "coordinates": [ [ [ 71.915199459530584, 24.683549870077304 ], [ 72.173679565917482, 24.592569896620443 ], [ 72.111199546615893, 24.564649890765864 ], [ 72.790489750390108, 24.353659941536307 ], [ 72.90754976830226, 24.490549947512783 ], [ 72.961319779010864, 24.488049950188895 ], [ 72.960929779692762, 24.459249950727351 ], [ 72.960169782022064, 24.403269950795835 ], [ 73.061899803007947, 24.340559955518678 ], [ 72.948199789398416, 24.191429949956035 ], [ 72.970189796401073, 24.130129950857839 ], [ 73.100869823993079, 23.992889956996539 ], [ 73.235909841591166, 24.073979962575866 ], [ 73.489319883454272, 23.764619971066228 ], [ 73.61651990188885, 23.566379974806743 ], [ 73.692949907504214, 23.597329976721834 ], [ 73.757259917362134, 23.402009977986506 ], [ 73.930789931505771, 23.357169982180341 ], [ 74.075679941797702, 23.307969984420279 ], [ 74.181559948639574, 23.232309986566936 ], [ 74.218489952477995, 23.116179986744775 ], [ 74.343129958229127, 23.117989988359543 ], [ 74.397089962381273, 22.999219989259192 ], [ 74.41944996402033, 22.898599989840086 ], [ 74.555469969734006, 22.818389991429441 ], [ 74.545559969609315, 22.775689990764029 ], [ 74.434949968200726, 22.594489989567961 ], [ 74.182369961046135, 22.471709986425608 ], [ 74.136339958200253, 22.512959986032691 ], [ 74.172999961343848, 22.411539986139108 ], [ 74.241179963957535, 22.425399987274332 ], [ 74.320579967022766, 22.368489988516643 ], [ 74.24512996616383, 22.298109987074014 ], [ 74.137149962157721, 22.300879985791802 ], [ 74.213189968074659, 22.111089986616435 ], [ 74.207729970086547, 21.935579986436469 ], [ 74.074969968238406, 21.824009984583078 ], [ 73.977189964283085, 21.843489982566954 ], [ 73.876209961608239, 21.797509980531419 ], [ 73.953289966922028, 21.662649982543559 ], [ 73.854099965210722, 21.613799979969261 ], [ 73.919829970206706, 21.480909981146336 ], [ 73.997989972125339, 21.489799982848538 ], [ 74.218539976493403, 21.536429986523036 ], [ 74.402529980922779, 21.520119989243621 ], [ 74.409379981598903, 21.478679989234212 ], [ 74.000579974919077, 21.359179983310703 ], [ 73.959659975891952, 21.268699982453221 ], [ 73.785869973905619, 21.156179978854365 ], [ 73.7812799748977, 21.091499978748303 ], [ 73.941449981434943, 20.96700998173538 ], [ 73.962279984361473, 20.838699982266327 ], [ 73.98496998723688, 20.744719982856019 ], [ 73.860949986310928, 20.703349979999039 ], [ 73.836789988234287, 20.595109979674387 ], [ 73.765459987976413, 20.574589978460477 ], [ 73.683659987298427, 20.573219976118882 ], [ 73.519649980122281, 20.728989971606115 ], [ 73.444889980661941, 20.663749969268338 ], [ 73.530699987905123, 20.489079971494863 ], [ 73.437839989324232, 20.408439969343132 ], [ 73.480099996623821, 20.208329970806297 ], [ 73.26657999817256, 20.150939963395963 ], [ 73.230770001670777, 20.078379961864421 ], [ 73.063580001695428, 20.077859954787851 ], [ 72.987899998744268, 20.130239951013717 ], [ 72.992479993756874, 20.220409951481489 ], [ 72.939839989889578, 20.286479948467161 ], [ 72.868599987674614, 20.322249944682316 ], [ 72.985899987079762, 20.34640995143117 ], [ 72.965159980783682, 20.455229949752237 ], [ 72.979949972889557, 20.616199950424836 ], [ 72.804509939520145, 21.083539941224881 ], [ 72.755419938138914, 21.065089938216421 ], [ 72.707319921923528, 21.26939993568671 ], [ 72.775569914801608, 21.455189939439304 ], [ 72.819369913617592, 21.535589942444087 ], [ 72.936559918950991, 21.582419948619599 ], [ 72.943949917539499, 21.634649948880469 ], [ 72.654849893643103, 21.633549932344945 ], [ 72.708719883743441, 21.87145993605078 ], [ 72.65512987926941, 21.858549932357249 ], [ 72.6180998715991, 21.90626992946212 ], [ 72.608149856940187, 22.10003992912846 ], [ 72.671329860790109, 22.161229933480922 ], [ 72.638519855965356, 22.177709931595256 ], [ 72.541499845395236, 22.152449924714837 ], [ 72.49014983028593, 22.262979921272233 ], [ 72.449468162917398, 22.103591084259321 ], [ 72.154367451293865, 22.017780802618571 ], [ 71.870521381690338, 22.08498901296969 ], [ 71.660960789566104, 22.179592345666151 ], [ 71.671291317692408, 22.405121552255277 ], [ 71.886968139629232, 22.417534723717086 ], [ 71.952292315130364, 22.587076734065054 ], [ 72.066219669256071, 22.40393446226685 ], [ 72.160257886847234, 22.527650344211995 ], [ 72.036639523785894, 22.662932874093983 ], [ 72.096396051465319, 22.725539608138003 ], [ 71.994022757535078, 22.921163429502283 ], [ 72.089731490711273, 23.021406342567559 ], [ 71.892071513406819, 23.104827584802777 ], [ 72.024478513602517, 23.230966140893702 ], [ 71.858488681915418, 23.221319802126079 ], [ 71.898222276003054, 23.389492972510581 ], [ 71.998889808054656, 23.419068159899179 ], [ 71.977199115669308, 23.548139483984901 ], [ 71.792687490450788, 23.430637498769563 ], [ 71.428988993939441, 23.491426578377869 ], [ 71.403253208714901, 23.667361621329583 ], [ 71.301819462812318, 23.649152737087132 ], [ 71.180553142530457, 23.724259148838776 ], [ 70.981458014856671, 23.640409787021746 ], [ 71.139715718247402, 23.922744387664743 ], [ 71.319942628854491, 23.922481665862165 ], [ 71.322091801248789, 24.064635911845794 ], [ 71.233404763995381, 24.212777147986142 ], [ 71.4290901852128, 24.355541178943433 ], [ 71.368634613330627, 24.470048326885902 ], [ 71.262951273178857, 24.498715435829947 ], [ 71.284199940471552, 24.685853567216107 ], [ 71.290829139478831, 24.687339779442919 ], [ 71.402309203108558, 24.704399798881294 ], [ 71.715359375785326, 24.637159845267888 ], [ 71.743259384406784, 24.676699849230616 ], [ 71.915199459530584, 24.683549870077304 ] ] ] } },
{ "type": "Feature", "properties": { "rid": 3, "name": "KONKAN & GOA", "zone": "Central", "imd_region": "CENTRAL INDIA", "STATE": "MAHARASHTRA" }, "geometry": { "type": "Polygon", "coordinates": [ [ [ 73.230770001670777, 20.078379961864421 ], [ 73.241836277169952, 20.100807787707918 ], [ 73.370677665160215, 20.040377464606447 ], [ 73.464023974789512, 19.980275855968692 ], [ 73.411701090381442, 19.814169787983175 ], [ 73.506875280744651, 19.711328726065673 ], [ 73.612036212572022, 19.551799473039829 ], [ 73.720945514701128, 19.470709641314556 ], [ 73.692861059777115, 19.426806881947275 ], [ 73.808824115403553, 19.353041770227655 ], [ 73.668304101317489, 19.304646019295152 ], [ 73.671167268750608, 19.2406153110832 ], [ 73.576691777334688, 19.172652028596126 ], [ 73.528155050219041, 19.085166218001909 ], [ 73.548222611376403, 18.971972473819001 ], [ 73.445820945759451, 18.917930872244391 ], [ 73.342180859441441, 18.728466059358006 ], [ 73.40666073422075, 18.624252863867444 ], [ 73.296086578964278, 18.591243277619178 ], [ 73.43878470403277, 18.404711142961041 ], [ 73.505474683023465, 18.243498707505054 ], [ 73.680604493901498, 18.157660202596215 ], [ 73.62316266036548, 18.105570043198973 ], [ 73.642509096004574, 17.999417593401887 ], [ 73.557776845522028, 17.889285355629831 ], [ 73.607965110672112, 17.755816502564116 ], [ 73.611188598760378, 17.677554702498593 ], [ 73.723109024874347, 17.667493458411293 ], [ 73.75137417134782, 17.518862169460775 ], [ 73.678921462836286, 17.473427484811292 ], [ 73.682913153543552, 17.373802540529336 ], [ 73.736073357425923, 17.154808197492834 ], [ 73.83232304995424, 17.158264394786421 ], [ 73.963595865084699, 17.020301683229182 ], [ 74.055581675541646, 16.937903516077085 ], [ 74.317167941953798, 16.875326038045678 ], [ 74.526398135077841, 16.824975930728431 ], [ 74.669911677387432, 16.743802031052233 ], [ 74.707218805086399, 16.714312774026688 ], [ 74.677780035955436, 16.707369993193165 ], [ 74.651960038246486, 16.602299992453045 ], [ 74.545520043581902, 16.577399991907171 ], [ 74.543240042522527, 16.624749991924148 ], [ 74.434720047890551, 16.639709990496762 ], [ 74.366940052431431, 16.54503998950366 ], [ 74.237950060639847, 16.534269988421034 ], [ 74.325610057034226, 16.404539989334168 ], [ 74.306500059582149, 16.298069988913472 ], [ 74.438190053386478, 16.241009990429053 ], [ 74.46020005376333, 16.108639990896783 ], [ 74.346760061309695, 16.069509989581075 ], [ 74.418040057278361, 16.033219990860726 ], [ 74.316060067582441, 15.763839989593093 ], [ 74.199010076613376, 15.724529987449023 ], [ 74.149340079745954, 15.779909986696016 ], [ 74.10362008549194, 15.701539986205237 ], [ 74.082730088217247, 15.661009985939749 ], [ 74.239700074805583, 15.646599988728228 ], [ 74.230170077489618, 15.545039988202136 ], [ 74.21246008066818, 15.460929988138897 ], [ 74.284690076039865, 15.351299989064254 ], [ 74.291560076529862, 15.312449989360365 ], [ 74.195460085810893, 15.255099987630372 ], [ 74.264440081064691, 15.189079988696456 ], [ 74.219280087971711, 14.963009988615957 ], [ 74.094550100489045, 14.942019986287766 ], [ 74.026250107745824, 14.954099985034777 ], [ 73.947470113492415, 15.058789983928957 ], [ 73.900750113149883, 15.301899983289772 ], [ 73.818350121712726, 15.361839980948385 ], [ 73.857670116106888, 15.392699982012454 ], [ 73.764100122964024, 15.561989979838014 ], [ 73.705340125328647, 15.719239978946511 ], [ 73.599610131888099, 15.928099976064772 ], [ 73.5261501410302, 15.938949973930205 ], [ 73.340670142657913, 16.531139967914992 ], [ 73.370420137489035, 16.564589968654069 ], [ 73.311710124755777, 17.069499966199732 ], [ 73.232460123758671, 17.29018996351607 ], [ 73.284140118708635, 17.280629965596006 ], [ 73.207940122454005, 17.382399962226906 ], [ 73.192720116670728, 17.540899961215459 ], [ 73.259510109073432, 17.573639964510619 ], [ 73.188610114371187, 17.603059961700438 ], [ 73.092720108223844, 17.926349957467977 ], [ 73.119000101745527, 18.008039957971413 ], [ 73.041480108253566, 18.026969955071824 ], [ 72.990790102059421, 18.218689952318098 ], [ 72.99776009919421, 18.268179952397777 ], [ 73.043590095335503, 18.266849955111653 ], [ 72.969010095740344, 18.362989951658729 ], [ 72.98689008502393, 18.541999952291576 ], [ 72.925550079147172, 18.725879948787615 ], [ 72.956340073418787, 18.791919950041891 ], [ 73.023290069244183, 18.77732995360255 ], [ 73.020210066700386, 18.835769953445592 ], [ 72.946300068691016, 18.879859950181316 ], [ 73.054890051954459, 19.094219954873971 ], [ 72.927720064012078, 18.987039948424485 ], [ 72.894580065799872, 18.984119946815635 ], [ 72.884680061666117, 19.064019946502963 ], [ 72.837850049684505, 19.300909943806534 ], [ 72.927770041936895, 19.359549948365398 ], [ 72.819890044287916, 19.388569942909985 ], [ 72.809060037961757, 19.495019942054878 ], [ 72.871860034988018, 19.520279945285001 ], [ 72.864650031613095, 19.582269945019807 ], [ 72.773040034700927, 19.5662799400125 ], [ 72.722140018636665, 19.822749937246474 ], [ 72.735970010523602, 19.95038993747001 ], [ 72.801570009263813, 19.957179941330814 ], [ 72.868599987674614, 20.322249944682316 ], [ 72.939839989889578, 20.286479948467161 ], [ 72.992479993756874, 20.220409951481489 ], [ 72.987899998744268, 20.130239951013717 ], [ 73.063580001695428, 20.077859954787851 ], [ 73.230770001670777, 20.078379961864421 ] ] ] } },
{ "type": "Feature", "properties": { "rid": 4, "name": "MADHYA MAHARASHTRA", "zone": "Central", "imd_region": "CENTRAL INDIA", "STATE": "MAHARASHTRA" }, "geometry": { "type": "Polygon", "coordinates": [ [ [ 73.963595865084699, 17.020301683229182 ], [ 73.83232304995424, 17.158264394786404 ], [ 73.736073357425909, 17.154808197492819 ], [ 73.682913153543552, 17.373802540529319 ], [ 73.678921462836286, 17.473427484811292 ], [ 73.75137417134782, 17.518862169460743 ], [ 73.723109024874347, 17.667493458411293 ], [ 73.611188598760378, 17.677554702498583 ], [ 73.607965110672112, 17.755816502564116 ], [ 73.557776845522028, 17.889285355629831 ], [ 73.642509096004574, 17.999417593401869 ], [ 73.62316266036548, 18.105570043198973 ], [ 73.680604493901512, 18.157660202596201 ], [ 73.505474683023451, 18.24349870750504 ], [ 73.43878470403277, 18.40471114296102 ], [ 73.296086578964278, 18.591243277619178 ], [ 73.40666073422075, 18.624252863867444 ], [ 73.342180859441441, 18.72846605935797 ], [ 73.445820945759465, 18.917930872244391 ], [ 73.548222611376389, 18.971972473818983 ], [ 73.528155050219027, 19.085166218001895 ], [ 73.576691777334688, 19.172652028596087 ], [ 73.671167268750608, 19.240615311083165 ], [ 73.668304101317489, 19.304646019295152 ], [ 73.808824115403553, 19.353041770227655 ], [ 73.692861059777115, 19.426806881947289 ], [ 73.720945514701128, 19.470709641314539 ], [ 73.612036212572008, 19.551799473039789 ], [ 73.506875280744666, 19.711328726065652 ], [ 73.411701090381442, 19.814169787983172 ], [ 73.464023974789512, 19.980275855968692 ], [ 73.370677665160215, 20.040377464606447 ], [ 73.241836277169952, 20.1008077877079 ], [ 73.26657999817256, 20.150939963395963 ], [ 73.480099996623821, 20.208329970806297 ], [ 73.437839989324218, 20.408439969343132 ], [ 73.530699987905138, 20.489079971494832 ], [ 73.444889980661941, 20.663749969268338 ], [ 73.519649980122281, 20.728989971606115 ], [ 73.683659987298427, 20.573219976118864 ], [ 73.765459987976399, 20.574589978460477 ], [ 73.836789988234273, 20.595109979674387 ], [ 73.860949986310928, 20.703349979999 ], [ 73.984969987236866, 20.744719982856019 ], [ 73.962279984361473, 20.838699982266345 ], [ 73.941449981434943, 20.967009981735366 ], [ 73.781279974897714, 21.091499978748285 ], [ 73.785869973905619, 21.156179978854343 ], [ 73.959659975891952, 21.268699982453221 ], [ 74.000579974919063, 21.359179983310689 ], [ 74.409379981598917, 21.478679989234198 ], [ 74.402529980922779, 21.520119989243607 ], [ 74.218539976493403, 21.536429986523036 ], [ 73.997989972125339, 21.489799982848538 ], [ 73.919829970206692, 21.480909981146315 ], [ 73.854099965210722, 21.613799979969226 ], [ 73.953289966922014, 21.662649982543538 ], [ 73.876209961608225, 21.797509980531416 ], [ 73.977189964283085, 21.843489982566954 ], [ 74.074969968238406, 21.824009984583096 ], [ 74.207729970086547, 21.935579986436451 ], [ 74.358599975095103, 21.910009989050948 ], [ 74.522299978074983, 21.981289991022198 ], [ 74.598299981205813, 21.879739991917681 ], [ 74.603869982638145, 21.730359992138503 ], [ 74.651599983984696, 21.665029992228177 ], [ 75.086619990896097, 21.557169995481878 ], [ 75.196929992717841, 21.401219996094589 ], [ 75.29045999439461, 21.363049996410432 ], [ 75.379709994456007, 21.322459996986073 ], [ 75.516739995429177, 21.370209997661672 ], [ 76.090659998099952, 21.351859999074243 ], [ 76.191359998345547, 21.063139998888044 ], [ 76.400779965131207, 21.052156397915031 ], [ 76.365050415868211, 20.973563153606182 ], [ 76.29700311728844, 20.957386808436429 ], [ 76.180804446066674, 21.018513250009892 ], [ 76.084677423704576, 20.929928478955155 ], [ 76.123865199747627, 20.895291741832775 ], [ 76.058471233460793, 20.800431254641268 ], [ 75.998627315790173, 20.770086231383846 ], [ 76.001683799816121, 20.677203052619795 ], [ 76.020934337937419, 20.631778693253494 ], [ 75.913522528709265, 20.586422383970305 ], [ 75.852112383132649, 20.606052985306853 ], [ 75.830800379489531, 20.562513535369575 ], [ 75.707240417406297, 20.623114832265244 ], [ 75.675651882101917, 20.657886345641383 ], [ 75.564144428383131, 20.590067608461897 ], [ 75.459551126533825, 20.543857548476343 ], [ 75.399706076310622, 20.52048879565487 ], [ 75.35998501402095, 20.569220711427825 ], [ 75.283936525303716, 20.573864225945478 ], [ 75.202205974303908, 20.52826957614932 ], [ 75.115685890034214, 20.411045195433093 ], [ 75.110564865746198, 20.346578027559612 ], [ 75.059256484499286, 20.3019754112855 ], [ 74.989824560386353, 20.335309068638878 ], [ 74.902726197869043, 20.239439888962728 ], [ 74.936278940055104, 20.154903244703064 ], [ 74.866348952009858, 20.202460911575724 ], [ 74.796095645360026, 20.257109760521651 ], [ 74.730967373368756, 20.183385536486327 ], [ 74.727131191651793, 20.090430597215441 ], [ 74.673060158254899, 19.931430462858266 ], [ 74.60199314936915, 19.821799207031042 ], [ 74.66452024441017, 19.766925629160873 ], [ 74.848575829022963, 19.687681526183656 ], [ 74.933560956175228, 19.633449094107956 ], [ 75.161523661227378, 19.58386414477291 ], [ 75.292050631936462, 19.516602419684776 ], [ 75.348717441789375, 19.404051411859157 ], [ 75.468616170920427, 19.42204643774329 ], [ 75.530976688051425, 19.359611195864332 ], [ 75.504473435914747, 19.251598110182435 ], [ 75.400201473548321, 19.219840552371728 ], [ 75.439223395116443, 19.178151476573596 ], [ 75.437267132781145, 19.124490373574702 ], [ 75.486331609632046, 19.118824604288573 ], [ 75.420049680614568, 19.077513663645838 ], [ 75.382384581811067, 19.079939414818949 ], [ 75.310444645903218, 19.095590204895547 ], [ 75.284656931558246, 19.080498511056636 ], [ 75.316273930655697, 19.035032169104241 ], [ 75.343998512984129, 18.993010069090797 ], [ 75.295588250458721, 18.980801071051626 ], [ 75.264595298768626, 19.008421300702906 ], [ 75.26312036262469, 19.051246542096511 ], [ 75.232107007407564, 19.078856316725044 ], [ 75.21184652935564, 19.121087254946136 ], [ 75.179437437937224, 19.080767497661846 ], [ 75.200442776371318, 19.017130738707831 ], [ 75.147544679187831, 19.026173968225727 ], [ 75.078877730941315, 19.056123821011884 ], [ 75.114373724346891, 19.114412991815875 ], [ 75.069462804949069, 19.109394736909149 ], [ 74.979270326965093, 19.110027978025219 ], [ 74.940704323776529, 19.137325680045489 ], [ 74.91989018644999, 19.09021501014476 ], [ 74.921586834085957, 19.043850080091818 ], [ 74.959998935386224, 19.020117994974076 ], [ 74.946552015527985, 18.976824665727595 ], [ 74.905963722489631, 18.957634690231711 ], [ 74.871575082698811, 18.974349503296423 ], [ 74.803841201397503, 18.979227741508421 ], [ 74.846910912426807, 18.930683179805307 ], [ 74.905070433579695, 18.879048476178664 ], [ 74.963961275115338, 18.80598373968343 ], [ 75.056120376547454, 18.744665005400623 ], [ 75.164420430542918, 18.648067062458377 ], [ 75.169089605615042, 18.730371226487431 ], [ 75.255478244936654, 18.725905400808823 ], [ 75.33151116004646, 18.806834244415377 ], [ 75.381424662716881, 18.772616875396029 ], [ 75.398267026425174, 18.830296209979959 ], [ 75.456146162888047, 18.782002434092487 ], [ 75.461297230935173, 18.739272897504183 ], [ 75.551469601452084, 18.734779587756755 ], [ 75.579301934644263, 18.685552087478133 ], [ 75.54229320221107, 18.670180305872901 ], [ 75.498378232300951, 18.63673118968299 ], [ 75.419370036812595, 18.530768521585834 ], [ 75.351068335928801, 18.557317082135061 ], [ 75.311441798853153, 18.509676268727002 ], [ 75.292309695646608, 18.40906135916244 ], [ 75.396393742313663, 18.3156910980906 ], [ 75.421567658414162, 18.230669624556647 ], [ 75.430860545677035, 18.173765877346117 ], [ 75.525690048234409, 18.130038763750274 ], [ 75.564444171291996, 18.206195618371694 ], [ 75.600372839049115, 18.253678387249835 ], [ 75.650945180118143, 18.312294119656524 ], [ 75.720798672737004, 18.353567098698239 ], [ 75.714984341129323, 18.421326310150622 ], [ 75.763089303634288, 18.440537486136066 ], [ 75.80608668911934, 18.3809440509235 ], [ 75.900476505180308, 18.354898802803795 ], [ 75.94049595536427, 18.266573192974025 ], [ 75.942980030855409, 18.180819091260435 ], [ 75.945347737570572, 18.098637054333143 ], [ 76.009983748882064, 18.060987159788024 ], [ 75.975164984157843, 17.970682635659649 ], [ 75.911487508884633, 17.976170351083606 ], [ 75.880792967669663, 18.00396519096984 ], [ 75.832982754959446, 17.977665086320822 ], [ 75.851124969569227, 17.867310239247892 ], [ 75.919506600229894, 17.82619955058037 ], [ 76.0092454138682, 17.82136600259933 ], [ 76.01496459032802, 17.749988555231191 ], [ 76.089168006605917, 17.766171420688025 ], [ 76.156798235120235, 17.749974573727172 ], [ 76.172870778329809, 17.707449124990017 ], [ 76.207102591797295, 17.683249647554085 ], [ 76.29530216708028, 17.735466999569198 ], [ 76.397775749148025, 17.66992322666098 ], [ 76.457648079631369, 17.618662578738107 ], [ 76.443020002492688, 17.602189999279776 ], [ 76.401180003213341, 17.555079999428145 ], [ 76.329240003498299, 17.564189999763126 ], [ 76.392560003744691, 17.330989999606878 ], [ 76.36506000355331, 17.298029999604307 ], [ 76.063190005748424, 17.331209999289623 ], [ 76.021280005806872, 17.29517999930761 ], [ 75.898500007295894, 17.283729998734959 ], [ 75.668500008582129, 17.439339997853256 ], [ 75.602530009447662, 17.353499997955694 ], [ 75.635930009468268, 17.288159998384121 ], [ 75.689530010516933, 16.958299997754935 ], [ 75.355970015457487, 16.957289996904404 ], [ 75.268450016685236, 16.937809996796904 ], [ 75.313380016851326, 16.877409996684232 ], [ 75.191090019809778, 16.818129996755697 ], [ 75.062670021326412, 16.970569995487516 ], [ 74.919820025523663, 16.959929994848263 ], [ 74.899830027380375, 16.759629994922459 ], [ 74.707218805086384, 16.714312774026688 ], [ 74.669911677387432, 16.743802031052216 ], [ 74.526398135077855, 16.824975930728431 ], [ 74.317167941953812, 16.875326038045678 ], [ 74.055581675541632, 16.937903516077085 ], [ 73.963595865084699, 17.020301683229182 ] ] ] } },
{ "type": "Feature", "properties": { "rid": 5, "name": "MARATHWADA", "zone": "Central", "imd_region": "CENTRAL INDIA", "STATE": "MAHARASHTRA" }, "geometry": { "type": "Polygon", "coordinates": [ [ [ 76.020934337937419, 20.631778693253494 ], [ 76.034610482365792, 20.599484810426624 ], [ 75.992115351172956, 20.505284670275614 ], [ 75.901121225171195, 20.502629080866114 ], [ 75.943484939995088, 20.367996848573494 ], [ 75.931133865890573, 20.281823219381049 ], [ 76.088355767103948, 20.343534067887727 ], [ 76.18752527626387, 20.324840405667807 ], [ 76.13850616100008, 20.194728432951127 ], [ 76.082207235453708, 20.057261147734891 ], [ 75.978158918867777, 19.99711578485465 ], [ 76.047533592284267, 19.956159462867589 ], [ 76.141511819959746, 19.851467096054627 ], [ 76.306870380141035, 19.884524145343182 ], [ 76.396524912398576, 19.922645138178677 ], [ 76.472127132262401, 19.924590880231278 ], [ 76.565056127312999, 19.848218431967204 ], [ 76.693554697986542, 19.851373976854628 ], [ 76.827009020157632, 19.954768712178687 ], [ 76.917987386468866, 19.949728605616389 ], [ 77.007887093163419, 19.987573187792535 ], [ 77.114738261056061, 19.954149723896286 ], [ 77.212277234967416, 19.992064647349736 ], [ 77.252164030315882, 19.906980675119293 ], [ 77.328171523224697, 19.894244787001949 ], [ 77.399510737734644, 19.752463028789958 ], [ 77.514491657561962, 19.6831131414392 ], [ 77.652199159305141, 19.606936297309865 ], [ 77.660937575912058, 19.549788890871955 ], [ 77.737199534296778, 19.51536339535436 ], [ 77.685643937363466, 19.449949873745865 ], [ 77.821823145574058, 19.438060368395508 ], [ 77.872885220406644, 19.532092494086253 ], [ 77.987273755145509, 19.476713020698817 ], [ 78.115681055348546, 19.478804628955171 ], [ 78.189859475500313, 19.558803197113356 ], [ 78.195927229132309, 19.644895675986348 ], [ 78.081853216681807, 19.678909408238987 ], [ 77.967605113888212, 19.720007255785596 ], [ 77.852885589746705, 19.782510789451681 ], [ 77.903627856839435, 19.898035860213202 ], [ 78.039534621954786, 19.921847447318399 ], [ 78.198604488799276, 19.924427299458305 ], [ 78.313087945374889, 19.876027833862878 ], [ 78.33512134574174, 19.866015985531018 ], [ 78.328669999847861, 19.820180000337601 ], [ 78.373360000034964, 19.749909999873584 ], [ 78.312359999889196, 19.64283999976324 ], [ 78.335769999941277, 19.529750000042434 ], [ 78.312150000483811, 19.414509999801091 ], [ 78.216640000182593, 19.356370000231404 ], [ 78.213840000485163, 19.219880000396302 ], [ 78.087120000054227, 19.166110000075047 ], [ 77.98512000050323, 19.298130000057586 ], [ 77.879780000148145, 19.260179999644205 ], [ 77.875720000283764, 19.079099999885337 ], [ 77.77727999984242, 18.956640000218211 ], [ 77.873650000444513, 18.895229999849391 ], [ 77.861090000526502, 18.784610000251437 ], [ 77.774570000501456, 18.657579999883275 ], [ 77.799010000485964, 18.558410000367584 ], [ 77.576610000745418, 18.483030000070375 ], [ 77.584239999873333, 18.413429999994378 ], [ 77.533830000421943, 18.391580000379395 ], [ 77.569300000060338, 18.273019999824644 ], [ 77.381260000826913, 18.284140000022436 ], [ 77.393520000158915, 18.393880000204387 ], [ 77.283550000707947, 18.386199999554343 ], [ 77.183560000288807, 18.289390000090943 ], [ 77.215420000447693, 18.236799999541759 ], [ 77.121670000689647, 18.11959000029216 ], [ 76.928420001507064, 18.097709999348702 ], [ 76.960120000699476, 18.059089999573246 ], [ 76.892900001607771, 17.875189999702151 ], [ 76.762210001763663, 17.845580000108061 ], [ 76.812700001948969, 17.7849399994337 ], [ 76.714610002174467, 17.665589999922382 ], [ 76.546780002751404, 17.718959999157846 ], [ 76.457648079631369, 17.618662578738107 ], [ 76.397775749148025, 17.66992322666098 ], [ 76.29530216708028, 17.735466999569198 ], [ 76.207102591797295, 17.683249647554085 ], [ 76.172870778329809, 17.707449124990017 ], [ 76.156798235120235, 17.749974573727172 ], [ 76.089168006605917, 17.766171420688025 ], [ 76.01496459032802, 17.749988555231191 ], [ 76.0092454138682, 17.82136600259933 ], [ 75.919506600229894, 17.82619955058037 ], [ 75.851124969569227, 17.867310239247892 ], [ 75.832982754959446, 17.977665086320822 ], [ 75.880792967669663, 18.00396519096984 ], [ 75.911487508884633, 17.976170351083606 ], [ 75.975164984157843, 17.970682635659649 ], [ 76.009983748882064, 18.060987159788024 ], [ 75.945347737570572, 18.098637054333143 ], [ 75.942980030855409, 18.180819091260435 ], [ 75.94049595536427, 18.266573192974025 ], [ 75.900476505180308, 18.354898802803795 ], [ 75.80608668911934, 18.3809440509235 ], [ 75.763089303634288, 18.440537486136066 ], [ 75.714984341129323, 18.421326310150622 ], [ 75.720798672737004, 18.353567098698239 ], [ 75.650945180118143, 18.312294119656524 ], [ 75.600372839049115, 18.253678387249835 ], [ 75.564444171291996, 18.206195618371694 ], [ 75.525690048234409, 18.130038763750274 ], [ 75.430860545677035, 18.173765877346117 ], [ 75.421567658414162, 18.230669624556647 ], [ 75.396393742313663, 18.3156910980906 ], [ 75.292309695646608, 18.40906135916244 ], [ 75.311441798853153, 18.509676268727002 ], [ 75.351068335928801, 18.557317082135061 ], [ 75.419370036812595, 18.530768521585834 ], [ 75.498378232300951, 18.63673118968299 ], [ 75.54229320221107, 18.670180305872901 ], [ 75.579301934644263, 18.685552087478133 ], [ 75.551469601452084, 18.734779587756755 ], [ 75.461297230935173, 18.739272897504183 ], [ 75.456146162888047, 18.782002434092487 ], [ 75.398267026425174, 18.830296209979959 ], [ 75.381424662716881, 18.772616875396029 ], [ 75.33151116004646, 18.806834244415377 ], [ 75.255478244936654, 18.725905400808823 ], [ 75.169089605615042, 18.730371226487431 ], [ 75.164420430542918, 18.648067062458377 ], [ 75.056120376547454, 18.744665005400623 ], [ 74.963961275115338, 18.80598373968343 ], [ 74.905070433579695, 18.879048476178664 ], [ 74.846910912426807, 18.930683179805307 ], [ 74.803841201397503, 18.979227741508421 ], [ 74.871575082698811, 18.974349503296423 ], [ 74.905963722489631, 18.957634690231711 ], [ 74.946552015527985, 18.976824665727595 ], [ 74.959998935386224, 19.020117994974076 ], [ 74.921586834085957, 19.043850080091818 ], [ 74.91989018644999, 19.09021501014476 ], [ 74.940704323776529, 19.137325680045489 ], [ 74.979270326965093, 19.110027978025219 ], [ 75.069462804949069, 19.109394736909149 ], [ 75.114373724346891, 19.114412991815875 ], [ 75.078877730941315, 19.056123821011884 ], [ 75.147544679187831, 19.026173968225727 ], [ 75.200442776371318, 19.017130738707831 ], [ 75.179437437937224, 19.080767497661846 ], [ 75.21184652935564, 19.121087254946136 ], [ 75.232107007407564, 19.078856316725044 ], [ 75.26312036262469, 19.051246542096511 ], [ 75.264595298768626, 19.008421300702906 ], [ 75.295588250458721, 18.980801071051626 ], [ 75.343998512984129, 18.993010069090797 ], [ 75.316273930655697, 19.035032169104241 ], [ 75.284656931558246, 19.080498511056636 ], [ 75.310444645903218, 19.095590204895547 ], [ 75.382384581811067, 19.079939414818949 ], [ 75.420049680614568, 19.077513663645838 ], [ 75.486331609632046, 19.118824604288573 ], [ 75.437267132781145, 19.124490373574702 ], [ 75.439223395116443, 19.178151476573596 ], [ 75.400201473548321, 19.219840552371728 ], [ 75.504473435914747, 19.251598110182435 ], [ 75.530976688051425, 19.359611195864332 ], [ 75.468616170920427, 19.42204643774329 ], [ 75.348717441789375, 19.404051411859157 ], [ 75.292050631936462, 19.516602419684776 ], [ 75.161523661227378, 19.58386414477291 ], [ 74.933560956175228, 19.633449094107956 ], [ 74.848575829022963, 19.687681526183656 ], [ 74.66452024441017, 19.766925629160873 ], [ 74.60199314936915, 19.821799207031042 ], [ 74.673060158254899, 19.931430462858266 ], [ 74.727131191651793, 20.090430597215441 ], [ 74.730967373368756, 20.183385536486327 ], [ 74.796095645360026, 20.257109760521651 ], [ 74.866348952009858, 20.202460911575724 ], [ 74.936278940055104, 20.154903244703064 ], [ 74.902726197869043, 20.239439888962728 ], [ 74.989824560386353, 20.335309068638878 ], [ 75.059256484499286, 20.3019754112855 ], [ 75.110564865746198, 20.346578027559612 ], [ 75.115685890034214, 20.411045195433093 ], [ 75.202205974303908, 20.52826957614932 ], [ 75.283936525303716, 20.573864225945478 ], [ 75.35998501402095, 20.569220711427825 ], [ 75.399706076310622, 20.52048879565487 ], [ 75.459551126533825, 20.543857548476343 ], [ 75.564144428383131, 20.590067608461897 ], [ 75.675651882101917, 20.657886345641383 ], [ 75.707240417406297, 20.623114832265244 ], [ 75.830800379489531, 20.562513535369575 ], [ 75.852112383132649, 20.606052985306853 ], [ 75.913522528709265, 20.586422383970305 ], [ 76.020934337937419, 20.631778693253494 ] ] ] } },
{ "type": "Feature", "properties": { "rid": 6, "name": "ORISSA", "zone": "Central", "imd_region": "CENTRAL INDIA", "STATE": "ORISSA" }, "geometry": { "type": "Polygon", "coordinates": [ [ [ 83.98607000011593, 22.467559999670847 ], [ 84.26564000021034, 22.285369999876899 ], [ 84.413510000486468, 22.294270000240715 ], [ 84.518030000677157, 22.358259999852599 ], [ 85.020730001066042, 22.386669999878443 ], [ 85.06707000103971, 22.379089999569175 ], [ 85.079540001424959, 22.317049999957181 ], [ 84.999540001220439, 22.010140000155261 ], [ 85.239170000691914, 21.970909999940314 ], [ 85.341030001298762, 22.101429999208428 ], [ 85.668730001886615, 22.011539999351523 ], [ 85.793560003017291, 22.035439998890144 ], [ 85.762410001956596, 21.934529999030993 ], [ 85.801320002547897, 21.916169998751901 ], [ 85.920620002898161, 21.954019999326331 ], [ 85.996890003555691, 22.1248599989895 ], [ 85.959940003577287, 22.161909999029131 ], [ 85.958300004353305, 22.4581499988569 ], [ 86.016040004744539, 22.47229999893942 ], [ 86.661430009723901, 22.162489997195234 ], [ 86.670340008891614, 22.103179997176483 ], [ 86.931310012264348, 21.998219995364501 ], [ 86.985530011467361, 21.800499995091027 ], [ 87.046070011853615, 21.806449995030544 ], [ 87.122840014598182, 21.92508999429673 ], [ 87.188240014108231, 21.79576999323686 ], [ 87.38515001729867, 21.740029991933479 ], [ 87.454770016691555, 21.538429991192821 ], [ 87.035100009259779, 21.423369995214962 ], [ 86.790410005834786, 21.139609996307463 ], [ 86.950790003659336, 20.752219995442626 ], [ 86.890080003267698, 20.739539995548402 ], [ 87.013400003848602, 20.662779994640346 ], [ 86.777400001612051, 20.478169996036765 ], [ 86.717770001362425, 20.387449996725707 ], [ 86.750630000755137, 20.370529996601874 ], [ 86.775870001350199, 20.438319996452581 ], [ 86.789930001304384, 20.34224999614505 ], [ 86.39508999910916, 19.93710999778186 ], [ 86.248499998618669, 19.849089997952941 ], [ 85.58736999908561, 19.660639999026007 ], [ 85.551999999501462, 19.59667999986344 ], [ 85.156139999271872, 19.409149999339686 ], [ 84.819079999349853, 19.086539999923151 ], [ 84.731829999835526, 19.079469999932581 ], [ 84.621959999859214, 19.103580000335299 ], [ 84.641139999934254, 19.052030000159167 ], [ 84.416540000107418, 18.947889999600392 ], [ 84.391660000104693, 18.85187000026399 ], [ 84.281490000224792, 18.740190000001931 ], [ 83.879489999491597, 18.79183000044867 ], [ 83.815100000138443, 18.972449999856106 ], [ 83.79377999964268, 18.935739999718781 ], [ 83.771580000103043, 18.903690000097118 ], [ 83.674479999792752, 18.978119999714757 ], [ 83.638309999665339, 19.1172199999729 ], [ 83.443199999541605, 18.946430000172789 ], [ 83.353550000140842, 18.959260000368261 ], [ 83.323780000026957, 18.935669999724851 ], [ 83.406680000440488, 18.829170000019811 ], [ 83.254389999939136, 18.727959999582279 ], [ 83.145179999551715, 18.733619999874168 ], [ 83.020559999723289, 18.585300000082807 ], [ 83.055140000397344, 18.33667000001909 ], [ 82.924679999867394, 18.33980999968459 ], [ 82.8332400003804, 18.405400000047859 ], [ 82.805769999891695, 18.334310000462313 ], [ 82.641190000237202, 18.209600000031422 ], [ 82.578970000403856, 18.214249999793456 ], [ 82.521050000019756, 18.441780000346352 ], [ 82.390659999852375, 18.454789999924174 ], [ 82.33528000030968, 18.39703000008857 ], [ 82.365359999684046, 18.249839999909501 ], [ 82.285390000095092, 18.025159999584282 ], [ 82.240229999633996, 17.992319999890697 ], [ 82.117179999541364, 18.024569999722519 ], [ 82.000630000211657, 17.953540000149015 ], [ 81.908110000028202, 17.937920000385557 ], [ 81.801829999656007, 17.904749999736126 ], [ 81.633059999956259, 17.838729999842197 ], [ 81.40329999974206, 17.776850000446018 ], [ 81.470480000014533, 17.901659999658818 ], [ 81.495169999690972, 18.150409999682513 ], [ 81.974620000400506, 18.541910000004574 ], [ 81.936570000435907, 18.621320000382962 ], [ 82.086759999532106, 18.697519999726413 ], [ 82.215990000250173, 18.876050000376875 ], [ 82.167659999676758, 19.362290000375623 ], [ 82.026699999937563, 19.525569999714946 ], [ 82.013889999711566, 19.759610000029305 ], [ 81.855199999883283, 19.870019999792017 ], [ 81.87227000009176, 19.986739999624682 ], [ 81.948590000363211, 20.042460000315113 ], [ 82.249980000350703, 19.945010000425523 ], [ 82.344239999951583, 19.802699999876868 ], [ 82.3950099995279, 19.852120000022367 ], [ 82.590960000323193, 19.824249999624904 ], [ 82.6045300001865, 19.749810000224858 ], [ 82.701080000386327, 19.895899999837347 ], [ 82.462439999708067, 19.963449999705347 ], [ 82.375110000154336, 20.039819999687875 ], [ 82.4036600004398, 20.382650000363153 ], [ 82.340350000003227, 20.780360000329587 ], [ 82.480710000135161, 20.796029999861123 ], [ 82.639199999921161, 21.019879999790948 ], [ 82.634449999589322, 21.094090000245114 ], [ 82.675189999547825, 21.107380000441932 ], [ 83.146230000250014, 21.079350000263705 ], [ 83.27232999979752, 21.313400000081931 ], [ 83.371699999612346, 21.313059999855074 ], [ 83.338549999862792, 21.479560000010967 ], [ 83.43442999989368, 21.600910000175848 ], [ 83.382410000451202, 21.667529999686334 ], [ 83.56649999957358, 21.748759999747197 ], [ 83.589359999765279, 21.820840000067189 ], [ 83.525650000362091, 21.950159999755726 ], [ 83.552500000452739, 22.055879999637099 ], [ 84.03463999999579, 22.326989999588328 ], [ 83.957540000457271, 22.445110000074823 ], [ 83.98607000011593, 22.467559999670847 ] ] ] } },
{ "type": "Feature", "properties": { "rid": 7, "name": "SAURASHTRA & KUTCH", "zone": "Central", "imd_region": "CENTRAL INDIA", "STATE": "GUJARAT" }, "geometry": { "type": "MultiPolygon", "coordinates": [ [ [ [ 72.920849985018151, 20.374029947510831 ], [ 72.965159980783682, 20.455229949752237 ], [ 72.985899987079762, 20.34640995143117 ], [ 72.868599987674614, 20.322249944682316 ], [ 72.920849985018151, 20.374029947510831 ] ] ], [ [ [ 71.262951273178857, 24.498715435829947 ], [ 71.368634613330627, 24.470048326885902 ], [ 71.4290901852128, 24.355541178943433 ], [ 71.233404763995381, 24.212777147986142 ], [ 71.322091801248789, 24.064635911845794 ], [ 71.319942628854491, 23.922481665862165 ], [ 71.139715718247402, 23.922744387664743 ], [ 70.981458014856671, 23.640409787021746 ], [ 71.180553142530457, 23.724259148838776 ], [ 71.301819462812318, 23.649152737087132 ], [ 71.403253208714901, 23.667361621329583 ], [ 71.428988993939441, 23.491426578377869 ], [ 71.792687490450788, 23.430637498769563 ], [ 71.977199115669308, 23.548139483984901 ], [ 71.998889808054656, 23.419068159899179 ], [ 71.898222276003054, 23.389492972510581 ], [ 71.858488681915418, 23.221319802126079 ], [ 72.024478513602517, 23.230966140893702 ], [ 71.892071513406819, 23.104827584802777 ], [ 72.089731490711273, 23.021406342567559 ], [ 71.994022757535078, 22.921163429502283 ], [ 72.096396051465319, 22.725539608138003 ], [ 72.036639523785894, 22.662932874093983 ], [ 72.160257886847234, 22.527650344211995 ], [ 72.066219669256071, 22.40393446226685 ], [ 71.952292315130364, 22.587076734065054 ], [ 71.886968139629232, 22.417534723717086 ], [ 71.671291317692408, 22.405121552255277 ], [ 71.660960789566104, 22.179592345666151 ], [ 71.870521381690338, 22.08498901296969 ], [ 72.154367451293865, 22.017780802618571 ], [ 72.449468162917398, 22.103591084259321 ], [ 72.439999838651914, 22.06647991737572 ], [ 72.419789838156959, 22.033429915718898 ], [ 72.375079837359067, 21.975399912328239 ], [ 72.427529874048815, 21.603079916175311 ], [ 72.240849893095131, 21.198029900047555 ], [ 71.749759873075959, 20.979069846447548 ], [ 71.551359872249151, 20.861179818577011 ], [ 71.495119863747064, 20.88127980991381 ], [ 71.477559870133319, 20.832359806632919 ], [ 71.282429856713705, 20.800579772961882 ], [ 71.230949855099965, 20.78182976358428 ], [ 71.117649853605457, 20.733669741299984 ], [ 70.981149843515169, 20.717879711216209 ], [ 70.945209842939221, 20.705259702606568 ], [ 70.83426981654155, 20.753529675787306 ], [ 70.723849785443605, 20.810119646931511 ], [ 70.347889640370596, 21.03010952965025 ], [ 69.518778854603539, 21.886039144817055 ], [ 69.354618654471309, 22.005289042507727 ], [ 69.13743823977029, 22.304368891122422 ], [ 69.181458131171979, 22.511368924688966 ], [ 69.231028243340404, 22.430348959675488 ], [ 69.357258377759408, 22.418789044971934 ], [ 69.384318485233351, 22.295769062002584 ], [ 69.825638796503313, 22.388769311393876 ], [ 69.889848809736378, 22.46119934163729 ], [ 70.336229073746736, 22.550199524943192 ], [ 70.498329070156757, 22.853909580462027 ], [ 70.604079107300493, 22.941439613331269 ], [ 70.653449109333451, 23.035059627373744 ], [ 70.593479071684982, 23.038099609837435 ], [ 70.462839024148266, 22.924559568946307 ], [ 70.425928955513228, 23.061179557441417 ], [ 70.40244897599537, 22.950949549404186 ], [ 70.033418734592033, 22.869339407793056 ], [ 69.898698668067254, 22.772739347279529 ], [ 69.361628070358677, 22.891689049664087 ], [ 68.855507153374745, 23.179908668690757 ], [ 68.781186958586545, 23.2589686034039 ], [ 68.892747131095362, 23.27694870208844 ], [ 68.854566989621404, 23.367648669573036 ], [ 68.796356889860576, 23.365458618209004 ], [ 68.715796646209668, 23.470908545558505 ], [ 68.615546468395493, 23.45265844785618 ], [ 68.646936425921879, 23.562108480468872 ], [ 68.606536300821418, 23.605808440326751 ], [ 68.720276241252918, 23.925178555240734 ], [ 68.661796105670348, 23.934708499750478 ], [ 68.655006216755041, 23.800748491054179 ], [ 68.5136760987305, 23.610418345358365 ], [ 68.358585721612386, 23.634308174766058 ], [ 68.371075443674684, 23.912968193636662 ], [ 68.414645473350717, 23.986928243964819 ], [ 68.570035815358281, 24.021708410287452 ], [ 68.592175560544632, 24.34348843789947 ], [ 68.637945636258593, 24.38416848386839 ], [ 68.714225893640418, 24.300678555122794 ], [ 68.758035961220386, 24.339368596278586 ], [ 68.832696169943034, 24.290898662601041 ], [ 69.446127309034267, 24.325289114252666 ], [ 69.58936757894628, 24.239029196932428 ], [ 69.783247869149491, 24.202769299343366 ], [ 69.899047993469736, 24.257829354900959 ], [ 69.983508048946391, 24.376369394298532 ], [ 70.415318497220809, 24.461859560155673 ], [ 70.469258611336684, 24.255599576483107 ], [ 70.652658773924514, 24.247679631718345 ], [ 70.961588963794114, 24.449979711522229 ], [ 70.855098865057158, 24.53717968626475 ], [ 70.978438917887217, 24.726469716166466 ], [ 71.01390895252166, 24.688549723360456 ], [ 71.071928993712547, 24.690119736401687 ], [ 71.118879034613371, 24.648689746337411 ], [ 71.284199940471552, 24.685853567216107 ], [ 71.262951273178857, 24.498715435829947 ] ] ] ] } },
{ "type": "Feature", "properties": { "rid": 8, "name": "VIDARBHA", "zone": "Central", "imd_region": "CENTRAL INDIA", "STATE": "MAHARASHTRA" }, "geometry": { "type": "Polygon", "coordinates": [ [ [ 78.33512134574174, 19.866015985531018 ], [ 78.313087945374889, 19.876027833862878 ], [ 78.198604488799276, 19.924427299458305 ], [ 78.039534621954786, 19.921847447318399 ], [ 77.903627856839435, 19.898035860213202 ], [ 77.852885589746705, 19.782510789451681 ], [ 77.967605113888212, 19.720007255785596 ], [ 78.081853216681807, 19.678909408238987 ], [ 78.195927229132309, 19.644895675986348 ], [ 78.189859475500313, 19.558803197113356 ], [ 78.115681055348546, 19.478804628955171 ], [ 77.987273755145509, 19.476713020698817 ], [ 77.872885220406644, 19.532092494086253 ], [ 77.821823145574058, 19.438060368395508 ], [ 77.685643937363466, 19.449949873745865 ], [ 77.737199534296778, 19.51536339535436 ], [ 77.660937575912058, 19.549788890871955 ], [ 77.652199159305141, 19.606936297309865 ], [ 77.514491657561962, 19.6831131414392 ], [ 77.399510737734644, 19.752463028789958 ], [ 77.328171523224697, 19.894244787001949 ], [ 77.252164030315882, 19.906980675119293 ], [ 77.212277234967416, 19.992064647349736 ], [ 77.114738261056061, 19.954149723896286 ], [ 77.007887093163419, 19.987573187792535 ], [ 76.917987386468866, 19.949728605616389 ], [ 76.827009020157632, 19.954768712178687 ], [ 76.693554697986542, 19.851373976854628 ], [ 76.565056127312999, 19.848218431967204 ], [ 76.472127132262401, 19.924590880231278 ], [ 76.396524912398576, 19.922645138178677 ], [ 76.306870380141035, 19.884524145343182 ], [ 76.141511819959746, 19.851467096054627 ], [ 76.047533592284267, 19.956159462867589 ], [ 75.978158918867777, 19.99711578485465 ], [ 76.082207235453708, 20.057261147734891 ], [ 76.13850616100008, 20.194728432951127 ], [ 76.18752527626387, 20.324840405667807 ], [ 76.088355767103948, 20.343534067887727 ], [ 75.931133865890573, 20.281823219381049 ], [ 75.943484939995088, 20.367996848573494 ], [ 75.901121225171195, 20.502629080866114 ], [ 75.992115351172956, 20.505284670275614 ], [ 76.034610482365792, 20.599484810426624 ], [ 76.001683799816121, 20.677203052619795 ], [ 75.998627315790173, 20.770086231383846 ], [ 76.058471233460793, 20.800431254641268 ], [ 76.123865199747627, 20.895291741832775 ], [ 76.084677423704576, 20.929928478955155 ], [ 76.180804446066674, 21.018513250009892 ], [ 76.29700311728844, 20.957386808436429 ], [ 76.365050415868211, 20.973563153606182 ], [ 76.400779965131207, 21.052156397915031 ], [ 76.417839999210614, 21.051249999335568 ], [ 76.513049999443496, 21.145319999094241 ], [ 76.697319999311929, 21.243339999598447 ], [ 76.699009998820713, 21.313690000071361 ], [ 76.834889999023844, 21.426229999500514 ], [ 76.836649999478524, 21.542590000121209 ], [ 76.994059999136937, 21.560589999480811 ], [ 77.060239999397069, 21.661010000126836 ], [ 77.524409999868723, 21.726300000245086 ], [ 77.623079999739147, 21.492760000128953 ], [ 77.471259999659651, 21.491959999748023 ], [ 77.482349999349921, 21.451459999925682 ], [ 77.544559999851188, 21.350540000273959 ], [ 77.747089999940414, 21.31920999979398 ], [ 78.051180000032559, 21.364669999905779 ], [ 78.228480000158044, 21.492709999669284 ], [ 78.440169999902679, 21.560749999696334 ], [ 78.465260000005173, 21.537759999700882 ], [ 78.476539999655287, 21.459079999933817 ], [ 78.639819999614986, 21.401170000193108 ], [ 78.962610000391393, 21.443089999774362 ], [ 78.980560000477155, 21.530950000133814 ], [ 79.230779999622669, 21.59700000039668 ], [ 79.280209999980897, 21.67177000024029 ], [ 79.470129999647028, 21.613159999712714 ], [ 79.579789999733833, 21.515450000261964 ], [ 79.831730000262908, 21.452810000360429 ], [ 79.965669999892711, 21.507890000110308 ], [ 80.327780000288897, 21.529950000307885 ], [ 80.434260000288958, 21.423290000419218 ], [ 80.438879999930933, 21.320599999942058 ], [ 80.701969999834276, 21.27787000043212 ], [ 80.69675999969796, 21.22695000041838 ], [ 80.464700000281994, 21.076180000023086 ], [ 80.470980000368414, 20.916770000154209 ], [ 80.568090000213914, 20.773570000155662 ], [ 80.590139999611111, 20.635340000423785 ], [ 80.50808999983154, 20.585679999646228 ], [ 80.615109999943485, 20.497059999913603 ], [ 80.620879999775369, 20.262409999580239 ], [ 80.420960000263179, 20.215139999802876 ], [ 80.420530000139308, 20.101039999691952 ], [ 80.516780000163607, 20.078340000212052 ], [ 80.545549999975819, 19.913999999716722 ], [ 80.519809999613784, 19.864950000419828 ], [ 80.442380000373532, 19.900560000223056 ], [ 80.429389999929072, 19.843090000367141 ], [ 80.499989999830433, 19.821430000463067 ], [ 80.406520000027143, 19.762460000152274 ], [ 80.560519999568044, 19.746900000428532 ], [ 80.667579999848755, 19.573719999862945 ], [ 80.842559999954261, 19.491939999622613 ], [ 80.897110000149297, 19.439599999631778 ], [ 80.834950000156638, 19.364820000004848 ], [ 80.881590000148663, 19.306960000168896 ], [ 80.686360000162992, 19.221810000244052 ], [ 80.633109999717973, 19.339999999883826 ], [ 80.556820000289136, 19.35709999976536 ], [ 80.418859999575005, 19.12008000045509 ], [ 80.29739000004875, 19.048149999988638 ], [ 80.272740000295201, 18.974880000383958 ], [ 80.376630000299215, 18.783189999899552 ], [ 80.252400000276921, 18.688939999691321 ], [ 80.095340000325351, 18.699640000236563 ], [ 79.922700000357935, 18.759479999705736 ], [ 79.98344999965903, 18.937650000462025 ], [ 79.878989999811722, 19.034419999727081 ], [ 79.885869999889422, 19.080840000261418 ], [ 80.019160000399893, 19.288519999861524 ], [ 80.004550000341155, 19.340540000001866 ], [ 79.845020000372486, 19.437380000375306 ], [ 79.814690000100057, 19.516320000338531 ], [ 79.500179999732879, 19.465470000149526 ], [ 79.284420000259502, 19.557200000072342 ], [ 79.229929999661962, 19.410479999679787 ], [ 78.958230000140446, 19.503650000072327 ], [ 78.809619999961569, 19.632190000109478 ], [ 78.801420000279464, 19.701760000450442 ], [ 78.742360000422678, 19.740520000353044 ], [ 78.485539999883201, 19.702259999692114 ], [ 78.347103419611656, 19.860569638985094 ], [ 78.336119999651984, 19.873109999811408 ], [ 78.33512134574174, 19.866015985531018 ] ] ] } },
{ "type": "Feature", "properties": { "rid": 9, "name": "WEST MADHYA PRADESH", "zone": "Central", "imd_region": "CENTRAL INDIA", "STATE": "MADHYA PRADESH" }, "geometry": { "type": "Polygon", "coordinates": [ [ [ 78.20597173512337, 24.392890317201775 ], [ 78.092788681181318, 24.343170261184849 ], [ 78.070028052864217, 24.199474179413151 ], [ 78.139327143580147, 24.009770654735735 ], [ 78.242753790398552, 24.03554679117395 ], [ 78.288465888854432, 23.713980088903785 ], [ 78.380881362624777, 23.631986350672562 ], [ 78.469047718878272, 23.764807427086566 ], [ 78.512255290935386, 23.538614808174085 ], [ 78.718419240357861, 23.601492106677206 ], [ 78.617780914695913, 23.432782977711806 ], [ 78.762726942492634, 23.279660365352374 ], [ 78.791327801618991, 23.112848885369257 ], [ 78.471075318100446, 22.976673370951318 ], [ 78.640778804318387, 22.85985620581927 ], [ 78.708395991238547, 22.669738631789738 ], [ 78.51496998816944, 22.690739268328198 ], [ 78.543887238888544, 22.512035911647587 ], [ 78.533782087478983, 22.356616311915143 ], [ 78.352724783368302, 22.425409873429505 ], [ 78.262839447242527, 22.423910862704506 ], [ 78.267722198103868, 22.173215201562602 ], [ 78.360116330707342, 22.031426576883387 ], [ 78.375118543319104, 21.912238258582011 ], [ 78.515872723031947, 21.914425145599431 ], [ 78.467214436728412, 21.770357974275022 ], [ 78.458437975516006, 21.54401220395706 ], [ 78.440169999902679, 21.560749999696334 ], [ 78.228480000158044, 21.492709999669284 ], [ 78.051180000032559, 21.364669999905779 ], [ 77.747089999940414, 21.31920999979398 ], [ 77.544559999851188, 21.350540000273959 ], [ 77.482349999349921, 21.451459999925682 ], [ 77.471259999659651, 21.491959999748023 ], [ 77.623079999739147, 21.492760000128953 ], [ 77.524409999868723, 21.726300000245086 ], [ 77.060239999397069, 21.661010000126836 ], [ 76.994059999136937, 21.560589999480811 ], [ 76.836649999478524, 21.542590000121209 ], [ 76.834889999023844, 21.426229999500514 ], [ 76.699009998820713, 21.313690000071361 ], [ 76.697319999311929, 21.243339999598447 ], [ 76.513049999443496, 21.145319999094241 ], [ 76.417839999210614, 21.051249999335568 ], [ 76.191359998345547, 21.063139998888044 ], [ 76.090659998099952, 21.351859999074243 ], [ 75.516739995429177, 21.370209997661672 ], [ 75.379709994456007, 21.322459996986073 ], [ 75.29045999439461, 21.363049996410432 ], [ 75.196929992717841, 21.401219996094589 ], [ 75.086619990896097, 21.557169995481878 ], [ 74.651599983984696, 21.665029992228177 ], [ 74.603869982638145, 21.730359992138503 ], [ 74.598299981205813, 21.879739991917681 ], [ 74.522299978074983, 21.981289991022198 ], [ 74.358599975095103, 21.910009989050948 ], [ 74.207729970086547, 21.935579986436451 ], [ 74.213189968074659, 22.111089986616417 ], [ 74.137149962157721, 22.300879985791788 ], [ 74.24512996616383, 22.298109987074014 ], [ 74.320579967022766, 22.368489988516643 ], [ 74.241179963957535, 22.425399987274318 ], [ 74.172999961343834, 22.411539986139108 ], [ 74.136339958200253, 22.512959986032666 ], [ 74.182369961046135, 22.471709986425608 ], [ 74.434949968200726, 22.594489989567947 ], [ 74.545559969609315, 22.775689990764029 ], [ 74.555469969734006, 22.818389991429431 ], [ 74.419449964020316, 22.898599989840061 ], [ 74.397089962381273, 22.999219989259192 ], [ 74.594789968821985, 23.045709991792677 ], [ 74.835079974988588, 23.133199993577975 ], [ 74.630039968282176, 23.263629992342324 ], [ 74.705349969565162, 23.400419993167333 ], [ 74.859369973263881, 23.455969994531834 ], [ 75.006999976870858, 23.549099994823255 ], [ 75.027659977349458, 23.685689995191868 ], [ 74.77642996628839, 24.068569993115585 ], [ 74.812479966543123, 24.170479994005099 ], [ 74.636469959359445, 24.194399992254386 ], [ 74.711459960733848, 24.410529993106994 ], [ 74.64613995732995, 24.419369992564231 ], [ 74.641989956925585, 24.504689992475935 ], [ 74.706919958563645, 24.706339993231044 ], [ 74.804889963358207, 24.569809993387508 ], [ 74.884289966160011, 24.698529994125671 ], [ 74.743999960060222, 24.727559993562995 ], [ 74.726199957795586, 24.918799992864315 ], [ 74.930019967040565, 24.786129994798483 ], [ 75.028949970495006, 24.849519995031194 ], [ 75.065839970558571, 25.00233999522813 ], [ 75.116719972345265, 25.002749995808781 ], [ 75.151069973564304, 24.99448999655678 ], [ 75.271779977550182, 24.965069997015277 ], [ 75.211449976284229, 24.863269996217134 ], [ 75.168559974524882, 24.899889995965218 ], [ 75.186949975814755, 24.818549996705777 ], [ 75.348919980377488, 24.803599996612618 ], [ 75.26114997741692, 24.756549996249916 ], [ 75.105959972898091, 24.826449996216461 ], [ 75.142869974778378, 24.763239995927741 ], [ 75.088709973537647, 24.679409995456403 ], [ 75.487269984107854, 24.611119997603403 ], [ 75.686729986851347, 24.694729998302332 ], [ 75.734239988381901, 24.553709998090913 ], [ 75.808089989250277, 24.499069998571095 ], [ 75.780729989575477, 24.396509998599157 ], [ 75.660879987205732, 24.365539998465302 ], [ 75.638579987346716, 24.294269998287671 ], [ 75.706279988922262, 24.22060999869004 ], [ 75.651389988355845, 24.076049997732305 ], [ 75.713609989732362, 24.037449998028112 ], [ 75.650279989016596, 23.928869997932836 ], [ 75.678919989241436, 23.879499998414285 ], [ 75.57931998794821, 23.903719997506936 ], [ 75.547629986907069, 23.840899997663797 ], [ 75.581309988368545, 23.812929997534368 ], [ 75.636989989313818, 23.719849997646143 ], [ 75.754429990372728, 23.698959998110588 ], [ 75.783259991308029, 23.712549998621046 ], [ 75.804029991048196, 23.723809998033428 ], [ 75.787379990846105, 23.791459998303424 ], [ 75.921959992441799, 23.81454999873398 ], [ 75.859749991781669, 23.944149998531199 ], [ 76.028649992564198, 24.035029998896196 ], [ 76.04956999270297, 24.212609999005288 ], [ 76.099079993848164, 24.242189999464699 ], [ 76.110769994028487, 24.153159998747942 ], [ 76.444769996111063, 24.088349999414735 ], [ 76.520029996862633, 24.17957999940413 ], [ 76.576889996793625, 24.179649999841381 ], [ 76.604899996687919, 24.089499999342504 ], [ 76.714449997264438, 24.0316699998505 ], [ 76.790879997669336, 24.04687999946945 ], [ 76.847689998473413, 24.111419999791035 ], [ 76.747429997541545, 24.209179999961485 ], [ 76.741169997650175, 24.351509999377946 ], [ 76.746289997215143, 24.446359999931836 ], [ 76.857049998331618, 24.375219999576522 ], [ 76.99061999872994, 24.457669999466923 ], [ 76.9244899975442, 24.692859999883588 ], [ 76.726489997187471, 24.688140000090506 ], [ 76.692249996555091, 24.734570000009192 ], [ 76.816679997846933, 24.78387999936572 ], [ 76.772039997750241, 24.935479999400325 ], [ 76.803179997343037, 24.977159999856674 ], [ 77.084629998699569, 25.033799999888952 ], [ 77.233109998446622, 25.011770000330639 ], [ 77.306939998701822, 25.046649999790652 ], [ 77.322739999285773, 25.125209999568693 ], [ 77.239109998721204, 25.357300000390413 ], [ 77.118259998689098, 25.271389999792376 ], [ 76.962259998101786, 25.262099999592078 ], [ 76.71268999689849, 25.228059999713963 ], [ 76.568099995943314, 25.272439999781131 ], [ 76.455499994988216, 25.407609999471024 ], [ 76.470789995427239, 25.566539999208604 ], [ 76.402719994069997, 25.720539999545167 ], [ 76.513079994908225, 25.813339999824805 ], [ 76.666419995944409, 25.824829999753938 ], [ 76.78321999675903, 26.012879999787849 ], [ 77.362739999001661, 26.318960000408545 ], [ 77.475809998576338, 26.341289999993297 ], [ 77.829829999679717, 26.586070000314173 ], [ 78.022900000020044, 26.626560000528809 ], [ 78.314360000251824, 26.763280000394261 ], [ 78.419369999741349, 26.776660000067576 ], [ 78.518809999927555, 26.704610000487182 ], [ 78.617019999428933, 26.717610000383189 ], [ 78.817189999843237, 26.670760000167434 ], [ 78.992040000000642, 26.517120000041551 ], [ 79.088300000462141, 26.346320000425333 ], [ 79.084530000154388, 26.216119999950326 ], [ 79.015249999657456, 26.194179999772661 ], [ 78.932270000156592, 26.074159999686156 ], [ 78.928190000035471, 25.995809999824601 ], [ 78.985239999696574, 25.964069999958539 ], [ 78.912959999643235, 25.85518999993792 ], [ 78.89385000010607, 25.827970000409998 ], [ 78.853190000318151, 25.830249999913271 ], [ 78.844530000422949, 25.711240000415941 ], [ 78.754749999539243, 25.701670000231754 ], [ 78.7723800001868, 25.598449999893916 ], [ 78.623350000353483, 25.492890000459752 ], [ 78.541230000099119, 25.507750000483728 ], [ 78.445500000333283, 25.516070000183031 ], [ 78.397429999775298, 25.498459999777648 ], [ 78.250009999764387, 25.296079999720948 ], [ 78.388470000276527, 25.073570000526232 ], [ 78.295229999504315, 24.979530000210861 ], [ 78.310399999536287, 24.931119999812942 ], [ 78.135469999803917, 24.857430000202552 ], [ 78.110080000294801, 24.789360000363111 ], [ 78.251829999700462, 24.616879999925963 ], [ 78.148279999591452, 24.487650000228449 ], [ 78.190179999887974, 24.414349999823596 ], [ 78.20597173512337, 24.392890317201775 ] ] ] } },
{ "type": "Feature", "properties": { "rid": 10, "name": "ARUNACHAL PRADESH", "zone": "East & NE", "imd_region": "EAST AND NORTH EAST INDIA", "STATE": "ARUNACHAL PRADESH" }, "geometry": { "type": "Polygon", "coordinates": [ [ [ 92.224353319548541, 26.944889329216075 ], [ 92.096963154641173, 27.198439391552878 ], [ 92.185463393845595, 27.364899354729236 ], [ 92.063713195633994, 27.518059410711988 ], [ 91.686782522668764, 27.570079553713676 ], [ 91.623112437491287, 27.641309575455299 ], [ 91.688652578404685, 27.777229555958904 ], [ 91.667032570762444, 27.895459564483005 ], [ 92.006773158220284, 27.761049438386866 ], [ 92.257803752642474, 27.91867933075855 ], [ 92.396424066143879, 27.865479260984923 ], [ 92.573404544516649, 27.906599166183788 ], [ 92.780985205331675, 28.032829042398316 ], [ 92.721715079717981, 28.149119083282098 ], [ 92.768925253976207, 28.212499055521921 ], [ 93.283077205868025, 28.418228680126777 ], [ 93.222127010329586, 28.503628735318166 ], [ 93.344027634569287, 28.699358639269281 ], [ 93.429118036470996, 28.742758565441495 ], [ 94.026361191239346, 28.794737917477153 ], [ 94.033091346549639, 28.925667918844411 ], [ 94.253242999019506, 29.182437641886317 ], [ 94.646856214350606, 29.42400704812005 ], [ 94.766737173022833, 29.374066829013785 ], [ 94.812677475044524, 29.292536734596457 ], [ 95.042359585731106, 29.281316274490582 ], [ 95.357852653788086, 29.1548055330219 ], [ 95.499614269143564, 29.161675170531932 ], [ 95.639336341034181, 29.373144824916359 ], [ 96.099863158952644, 29.585883427489712 ], [ 96.319936070492588, 29.346342560097849 ], [ 96.416377856377778, 29.412902196995052 ], [ 96.43158794843383, 29.349652117894447 ], [ 96.368936680658578, 29.269782347460524 ], [ 96.189193611610847, 29.193563014002198 ], [ 96.222173716927998, 29.031992852306324 ], [ 96.390996713414935, 29.144862225722555 ], [ 96.549219502223409, 29.173091573187143 ], [ 96.539169125787367, 29.10450159724466 ], [ 96.656190491217231, 28.869471008645633 ], [ 96.388275296640145, 28.653552108282547 ], [ 96.402375365931235, 28.599612036553232 ], [ 96.320843963803597, 28.556962355810676 ], [ 96.379554718930763, 28.501882106117034 ], [ 96.44328561673791, 28.463261832010009 ], [ 96.679109990737118, 28.588030819316725 ], [ 96.911623939105326, 28.489759644523573 ], [ 97.161238974802998, 28.493218278941743 ], [ 97.454884905830212, 28.366026416925486 ], [ 97.385072701291122, 28.235896817521173 ], [ 97.462174038535963, 28.151346280558545 ], [ 97.428242841872787, 28.063046469965755 ], [ 97.334550690851117, 28.043527064534512 ], [ 96.97787233660992, 27.763309064170667 ], [ 97.073873085258697, 27.523018454746367 ], [ 97.254305399175934, 27.283047302665288 ], [ 97.216554509842396, 27.249697524920645 ], [ 96.982260722545647, 27.363248922008793 ], [ 96.82667877920602, 27.546749801916036 ], [ 96.626465120406451, 27.444070760943703 ], [ 96.305120255202525, 27.400252161080637 ], [ 96.145447902537157, 27.324682775010753 ], [ 96.006805709261116, 27.160003257369983 ], [ 95.527299670133601, 26.796094748706754 ], [ 95.375638242638971, 26.776945167930769 ], [ 95.283257615105782, 26.859605418664763 ], [ 95.287528125316399, 27.090015432595301 ], [ 95.330108614882334, 27.143125329088168 ], [ 95.466880050276117, 27.217474972150825 ], [ 95.554400995534095, 27.255334729008364 ], [ 95.614781824730073, 27.347444564969194 ], [ 95.692362623065648, 27.338874330274024 ], [ 95.767383471400393, 27.351834097050851 ], [ 95.967375819910274, 27.368753432177691 ], [ 96.098617660629799, 27.446002973976782 ], [ 96.119008067135354, 27.49616290693579 ], [ 96.078827634952518, 27.525213061055453 ], [ 95.975366349133665, 27.527703431749952 ], [ 95.977796670688733, 27.636083442781771 ], [ 95.893085836622333, 27.713343745901 ], [ 95.869515837703943, 27.82673384336729 ], [ 96.026118440711343, 28.072403354682038 ], [ 95.778135363463278, 28.086424181964496 ], [ 95.615183280770324, 27.99393465949554 ], [ 95.341090363252235, 27.971065404887604 ], [ 94.986316902576448, 27.845196222364816 ], [ 94.651194016275312, 27.657716869865535 ], [ 94.451502651035355, 27.658527216586133 ], [ 94.391092275436307, 27.671217315929475 ], [ 94.350662080338566, 27.72162738283151 ], [ 94.294651708134751, 27.701587467845382 ], [ 94.300651667184113, 27.635077454264433 ], [ 94.368432050676304, 27.60417734701155 ], [ 94.096960246872726, 27.417257735802931 ], [ 93.928579190348572, 27.241697947521736 ], [ 93.9045989362141, 27.104717971293326 ], [ 93.767678217951996, 27.019988132765576 ], [ 93.607317514196225, 27.007848311009056 ], [ 93.33996646702235, 27.00092857529927 ], [ 93.135245731274168, 26.964408751764193 ], [ 92.833984880413212, 27.091668981962531 ], [ 92.746474628339683, 27.08013904013708 ], [ 92.572534132408975, 26.998349145467188 ], [ 92.412993734200043, 26.957899234659397 ], [ 92.297493465935716, 26.926469293102382 ], [ 92.224353319548541, 26.944889329216075 ] ] ] } },
{ "type": "Feature", "properties": { "rid": 11, "name": "ASSAM & MEGHALAYA", "zone": "East & NE", "imd_region": "EAST AND NORTH EAST INDIA", "STATE": "ASSAM" }, "geometry": { "type": "Polygon", "coordinates": [ [ [ 95.287528125316399, 27.090015432595301 ], [ 95.103416382873021, 26.99494587137977 ], [ 94.96360525771253, 26.979226185249473 ], [ 94.894354554701209, 26.870556323947852 ], [ 94.764483530204544, 26.806586583702266 ], [ 94.680952900875738, 26.762386741753659 ], [ 94.604892406060642, 26.76012688318772 ], [ 94.410870893235781, 26.516607204971649 ], [ 94.365750755398494, 26.601687283879922 ], [ 94.252279909006816, 26.423387452460791 ], [ 94.105618959162655, 26.246647659864962 ], [ 94.056728494087338, 26.047737719194629 ], [ 94.088198560001331, 25.983587671608998 ], [ 93.973147977824695, 25.921647827551229 ], [ 93.828197423091851, 25.964708015345803 ], [ 93.506645950307032, 25.664258368882212 ], [ 93.495675829155545, 25.570218377365773 ], [ 93.583526046003286, 25.493128282222816 ], [ 93.595565952641479, 25.355448265145188 ], [ 93.535285770632413, 25.369658330346613 ], [ 93.466265491431301, 25.301898401008472 ], [ 93.366934938374015, 25.009338492411516 ], [ 93.315254733024958, 24.935388540325476 ], [ 93.282264600788167, 24.882788570182495 ], [ 93.22787445905405, 24.880328619347324 ], [ 93.173344237628854, 24.774198666061949 ], [ 93.267974394809613, 24.683218578985521 ], [ 93.256584280279483, 24.582298587418755 ], [ 93.139053984543906, 24.558988691542627 ], [ 93.120413788401791, 24.366258703904997 ], [ 92.981123486059644, 24.353098818264517 ], [ 92.896323401295561, 24.472318884532072 ], [ 92.672752754610499, 24.106869037126181 ], [ 92.567362608539852, 24.146139104230627 ], [ 92.52408256262143, 24.184579130698165 ], [ 92.489232538208569, 24.236659152587769 ], [ 92.357472335864571, 24.224449226270643 ], [ 92.409612457711702, 24.311059198107174 ], [ 92.367872497385207, 24.511089223237573 ], [ 92.407792678219778, 24.742129204032757 ], [ 92.341302624386302, 24.850599241530567 ], [ 92.363492697850404, 24.925969230309491 ], [ 92.55291298757561, 24.854119120851536 ], [ 92.5864230699177, 24.892999100897761 ], [ 92.597793130014594, 24.961059095438241 ], [ 92.530363051074957, 25.046799137211938 ], [ 92.280972668199723, 25.150459275851343 ], [ 92.140502476259726, 25.226079345671007 ], [ 91.764441921683741, 25.144409501665304 ], [ 91.502911633089013, 25.195739590586268 ], [ 91.21251135051088, 25.226839672590891 ], [ 91.072721218364009, 25.186829706214812 ], [ 90.4402807716165, 25.161559824814606 ], [ 89.925000533681938, 25.294269887872396 ], [ 89.897130524210127, 25.326319890557482 ], [ 89.958510575769353, 25.606049885050847 ], [ 89.909610571258952, 25.806099890180732 ], [ 89.945850590390691, 25.843679887043205 ], [ 89.951420601924966, 25.946549886675019 ], [ 89.788570552873708, 26.250709902974872 ], [ 89.83978057906883, 26.291149898576048 ], [ 89.88529060253137, 26.32527989435539 ], [ 89.901190614676054, 26.383899892580505 ], [ 89.906710621101695, 26.429889891899311 ], [ 89.909430634016033, 26.579069892591974 ], [ 89.921840651231022, 26.717199891266592 ], [ 90.245250840326776, 26.768279855809734 ], [ 90.319180900822886, 26.881739846902015 ], [ 90.453490999473814, 26.917729828965566 ], [ 90.544511059646268, 26.849389814859389 ], [ 90.721121196240219, 26.789339785962959 ], [ 91.051451510309278, 26.790609720578189 ], [ 91.172811652929241, 26.846859692407225 ], [ 91.40437192540459, 26.80969963216015 ], [ 91.499922066187409, 26.870339604830185 ], [ 91.606632206133625, 26.825319571373793 ], [ 91.793152495641607, 26.840879507719102 ], [ 91.962012818641085, 26.955769444872914 ], [ 92.159893165767997, 26.882379358190992 ], [ 92.224353319548541, 26.944889329216075 ], [ 92.297493465935716, 26.926469293102382 ], [ 92.412993734200043, 26.957899234659397 ], [ 92.572534132408975, 26.998349145467188 ], [ 92.746474628339683, 27.08013904013708 ], [ 92.833984880413212, 27.091668981962531 ], [ 93.135245731274168, 26.964408751764193 ], [ 93.33996646702235, 27.00092857529927 ], [ 93.607317514196225, 27.007848311009056 ], [ 93.767678217951996, 27.019988132765576 ], [ 93.9045989362141, 27.104717971293326 ], [ 93.928579190348572, 27.241697947521736 ], [ 94.096960246872726, 27.417257735802931 ], [ 94.368432050676304, 27.60417734701155 ], [ 94.300651667184113, 27.635077454264433 ], [ 94.294651708134751, 27.701587467845382 ], [ 94.350662080338566, 27.72162738283151 ], [ 94.391092275436307, 27.671217315929475 ], [ 94.451502651035355, 27.658527216586133 ], [ 94.651194016275312, 27.657716869865535 ], [ 94.986316902576448, 27.845196222364816 ], [ 95.341090363252235, 27.971065404887604 ], [ 95.615183280770324, 27.99393465949554 ], [ 95.778135363463278, 28.086424181964496 ], [ 96.026118440711343, 28.072403354682038 ], [ 95.869515837703943, 27.82673384336729 ], [ 95.893085836622333, 27.713343745901 ], [ 95.977796670688733, 27.636083442781771 ], [ 95.975366349133665, 27.527703431749952 ], [ 96.078827634952518, 27.525213061055453 ], [ 96.119008067135354, 27.49616290693579 ], [ 96.098617660629799, 27.446002973976782 ], [ 95.967375819910274, 27.368753432177691 ], [ 95.767383471400393, 27.351834097050851 ], [ 95.692362623065648, 27.338874330274024 ], [ 95.614781824730073, 27.347444564969194 ], [ 95.554400995534095, 27.255334729008364 ], [ 95.466880050276117, 27.217474972150825 ], [ 95.330108614882334, 27.143125329088168 ], [ 95.287528125316399, 27.090015432595301 ] ] ] } },
{ "type": "Feature", "properties": { "rid": 12, "name": "BIHAR", "zone": "East & NE", "imd_region": "EAST AND NORTH EAST INDIA", "STATE": "BIHAR" }, "geometry": { "type": "Polygon", "coordinates": [ [ [ 87.944750091293685, 25.225069984919024 ], [ 87.708984447555082, 25.277038562822757 ], [ 87.586608951212, 25.348999012606139 ], [ 87.477600154223495, 25.218200675413357 ], [ 87.352233936419466, 25.213989250636747 ], [ 87.249206586076028, 25.111389153584451 ], [ 87.169006386803105, 25.046203606758411 ], [ 87.160400427986076, 24.896423334043753 ], [ 87.094604526251786, 24.825012201534424 ], [ 87.053588897805156, 24.608032221975552 ], [ 86.958007840221256, 24.649414057571104 ], [ 86.915222194598883, 24.574829097613485 ], [ 86.600219744892627, 24.600219723801938 ], [ 86.531005874938714, 24.544006345082714 ], [ 86.469421401398634, 24.380432126458842 ], [ 86.289001476742669, 24.462036131487466 ], [ 86.324401867535741, 24.586425778934007 ], [ 86.156188974746215, 24.591186521575647 ], [ 86.057800301727298, 24.778991697618032 ], [ 85.709594732349288, 24.769226073628396 ], [ 85.679382329009186, 24.594604491120702 ], [ 85.395019534619976, 24.532226561285796 ], [ 85.166015627301377, 24.412597656225337 ], [ 84.906616211910119, 24.395019530752123 ], [ 84.828002930958817, 24.524841309230947 ], [ 84.491821290030188, 24.291198729553152 ], [ 84.281982422209978, 24.548034668210633 ], [ 84.117614746302209, 24.479187012392337 ], [ 84.028991699605086, 24.632202148403245 ], [ 83.940185547361821, 24.550415038644783 ], [ 83.812805176405661, 24.528198242124422 ], [ 83.55588999964543, 24.520730000350753 ], [ 83.419560000537714, 24.701439999612283 ], [ 83.371640000533873, 24.752230000364076 ], [ 83.353629999968902, 24.997360000249397 ], [ 83.410689999793107, 25.163320000301411 ], [ 83.513649999728301, 25.218849999880614 ], [ 83.658480000277009, 25.278679999706821 ], [ 83.767979999986224, 25.311140000354548 ], [ 83.89249999988472, 25.432050000094158 ], [ 83.967089999889239, 25.499629999646121 ], [ 84.435360000905078, 25.702129999952785 ], [ 84.544280000907023, 25.592270000128529 ], [ 84.642480001189341, 25.596289999819174 ], [ 84.611400001296857, 25.695830000138805 ], [ 84.52675000060519, 25.740499999818582 ], [ 84.193480000093999, 25.931849999925245 ], [ 84.0437200001668, 26.02482000000558 ], [ 84.013860000401209, 26.138270000508818 ], [ 84.17534000010231, 26.173450000058541 ], [ 84.169460000602655, 26.283220000464578 ], [ 83.913990000054412, 26.385230000079588 ], [ 83.932590000143534, 26.430870000446479 ], [ 84.036580000243475, 26.463300000348564 ], [ 84.129130000407955, 26.572490000091729 ], [ 84.390000000971213, 26.543719999953861 ], [ 84.379230001244551, 26.634670000256204 ], [ 84.29778000081491, 26.643160000220632 ], [ 84.246100000318464, 26.735480000400521 ], [ 84.072880000774163, 26.810170000241897 ], [ 83.988140000021971, 27.202109999728115 ], [ 83.934660000496905, 27.258470000106023 ], [ 83.889490000180601, 27.234520000028173 ], [ 83.822479999991643, 27.238399999989401 ], [ 83.812320000651852, 27.278430000096346 ], [ 83.847550000306512, 27.316830000319936 ], [ 83.895170000765347, 27.32282 ], [ 83.837920000193236, 27.391490000115823 ], [ 83.865550000738111, 27.423519999962906 ], [ 84.038630000646535, 27.405639999782938 ], [ 84.135280000921611, 27.449470000269365 ], [ 84.308250000350128, 27.33067999986379 ], [ 84.648560001071374, 27.264140000456798 ], [ 84.711180001157786, 27.135680000033307 ], [ 84.689790000996993, 26.987600000294673 ], [ 84.756840001219601, 26.959720000071467 ], [ 85.165480002777457, 26.823739999641308 ], [ 85.264720003949321, 26.725589999965287 ], [ 85.658000006721849, 26.823119999517267 ], [ 85.739010007910636, 26.743409999541559 ], [ 85.749540008278146, 26.599559999183047 ], [ 85.871890009239507, 26.531239999575021 ], [ 86.060550011841769, 26.609179998652959 ], [ 86.164020014182597, 26.601909998622155 ], [ 86.418370019320164, 26.553039998314862 ], [ 86.790490030886076, 26.382299996193765 ], [ 87.073690043285708, 26.548519995383923 ], [ 87.093790044083178, 26.443679994741764 ], [ 87.384090060219407, 26.33711999273876 ], [ 87.515590069612415, 26.414749991514714 ], [ 87.682530082929105, 26.366299988750722 ], [ 87.930210107620653, 26.439219985609199 ], [ 88.061160121202505, 26.338909983297096 ], [ 88.182380139934025, 26.528169980260635 ], [ 88.258780149778246, 26.492969979350999 ], [ 88.300480155135944, 26.413289977480563 ], [ 88.32689015647621, 26.299419977460968 ], [ 88.054680117790795, 26.138819982663133 ], [ 87.910210099590586, 25.972249985700131 ], [ 87.888910095587136, 25.849379986307497 ], [ 88.100760114068052, 25.648079981779098 ], [ 88.064350108317115, 25.55148998292081 ], [ 88.155110118346485, 25.502189980818759 ], [ 88.116690113101171, 25.455889981563335 ], [ 87.997460100129302, 25.466869983626172 ], [ 87.883500089026867, 25.412129985531351 ], [ 87.944750091293685, 25.225069984919024 ] ] ] } },
{ "type": "Feature", "properties": { "rid": 13, "name": "GANGETIC WEST BENGAL", "zone": "East & NE", "imd_region": "EAST AND NORTH EAST INDIA", "STATE": "WEST BENGAL" }, "geometry": { "type": "Polygon", "coordinates": [ [ [ 88.154102609521985, 24.657401982143305 ], [ 88.130330097244453, 24.579389981224587 ], [ 88.240220104581994, 24.409329978731407 ], [ 88.387310118667585, 24.327269974275303 ], [ 88.803320170894295, 24.240539960947789 ], [ 88.834020170802901, 24.111389959351687 ], [ 88.790240160540691, 24.029209960889183 ], [ 88.838760164961101, 23.950369959004785 ], [ 88.79757015717712, 23.894879960684591 ], [ 88.588500128134186, 23.840289968430046 ], [ 88.473380108838597, 23.626569972413712 ], [ 88.607380118883142, 23.497829968076147 ], [ 88.661670125793734, 23.510479966192879 ], [ 88.651540122547402, 23.454049965909231 ], [ 88.698300127717431, 23.438079964451518 ], [ 88.693790121344847, 23.29337996473398 ], [ 88.625420112161407, 23.232049967246432 ], [ 88.659720114680624, 23.201749965773729 ], [ 88.86967013747163, 23.176739957591007 ], [ 88.788750119237307, 22.958549960787117 ], [ 88.848300121963007, 22.874029958957554 ], [ 88.832060106270319, 22.53613995881501 ], [ 89.004500104496188, 22.133049951300528 ], [ 88.919990092079374, 22.03445995558182 ], [ 88.941490086961082, 21.878219954373051 ], [ 88.72216007286363, 21.913689963252963 ], [ 88.689480073416874, 21.994259964495924 ], [ 88.613570067814791, 21.976809967610151 ], [ 88.58234006664253, 21.99584996812278 ], [ 88.532520059493393, 21.864619969612768 ], [ 88.374980047997369, 21.760689974633145 ], [ 88.129010037742532, 21.74531998079167 ], [ 88.109180040468814, 21.895389980858745 ], [ 88.16508004581965, 22.062339979813764 ], [ 88.12763004671983, 22.148449980828673 ], [ 88.070540043475546, 22.145959981415373 ], [ 88.11454004453995, 22.064129981175128 ], [ 87.805830025678915, 21.677699986840398 ], [ 87.454770016691555, 21.538429991192821 ], [ 87.38515001729867, 21.740029991933479 ], [ 87.188240014108231, 21.79576999323686 ], [ 87.122840014598182, 21.92508999429673 ], [ 87.046070011853615, 21.806449995030544 ], [ 86.985530011467361, 21.800499995091027 ], [ 86.931310012264348, 21.998219995364501 ], [ 86.670340008891614, 22.103179997176483 ], [ 86.661430009723901, 22.162489997195234 ], [ 86.711860009677252, 22.143359996719056 ], [ 86.811760011432696, 22.235289996098036 ], [ 86.687950010803419, 22.394339997205279 ], [ 86.687360011439253, 22.496009996527196 ], [ 86.595660009654864, 22.515359997135835 ], [ 86.50637000970687, 22.646959997231274 ], [ 86.407130008291631, 22.685759998049356 ], [ 86.393130008841851, 22.745539997524276 ], [ 86.404850008417611, 22.851709998167721 ], [ 86.494380009776464, 22.922919997562804 ], [ 86.144940006762056, 22.947049998536087 ], [ 85.966950004891089, 23.060879998699491 ], [ 85.903540004667377, 23.073019999203655 ], [ 85.806650004606865, 23.161199998943072 ], [ 85.813560004955818, 23.342399999564808 ], [ 85.830300004439195, 23.391779998734318 ], [ 85.843540005218273, 23.399679998991608 ], [ 85.995160005897148, 23.421989999109297 ], [ 85.977840005786987, 23.460259998945556 ], [ 86.083500006737196, 23.489859999043826 ], [ 86.122370007149073, 23.383659998534419 ], [ 86.248180008417791, 23.319289998596801 ], [ 86.294670009081528, 23.331789998240875 ], [ 86.363090010702876, 23.509819998300614 ], [ 86.560070013478622, 23.63299999696078 ], [ 86.739830016728192, 23.602799996816863 ], [ 86.816240019431021, 23.730669995873612 ], [ 86.791550019069746, 23.773939996204135 ], [ 86.843330020544329, 23.835929995807096 ], [ 86.991010023739591, 23.739019995354784 ], [ 87.188840030138735, 23.79986999386163 ], [ 87.237880032258829, 23.775369993196097 ], [ 87.330060036532046, 23.885349992766841 ], [ 87.300150035203785, 23.934019992542051 ], [ 87.379850038821857, 23.970949992472971 ], [ 87.392170039153001, 23.934199992238202 ], [ 87.533210045942226, 23.928359990021665 ], [ 87.596360050900685, 24.063709990004753 ], [ 87.801250063645327, 24.115009986854126 ], [ 87.776500063001023, 24.217999987165939 ], [ 87.884310072065929, 24.303659985780726 ], [ 87.8706900739829, 24.485839985611523 ], [ 87.959860081353938, 24.535329983965283 ], [ 87.943860082050421, 24.628289984778174 ], [ 87.936920083039936, 24.736069984836853 ], [ 88.154102609521985, 24.657401982143305 ] ] ] } },
{ "type": "Feature", "properties": { "rid": 14, "name": "JHARKHAND", "zone": "East & NE", "imd_region": "EAST AND NORTH EAST INDIA", "STATE": "JHARKHAND" }, "geometry": { "type": "Polygon", "coordinates": [ [ [ 87.944750091293685, 25.225069984919024 ], [ 87.847490082099142, 25.201659986144961 ], [ 87.87020008223891, 25.047799985939243 ], [ 87.938600086586646, 24.976899984696448 ], [ 87.936920083039936, 24.736069984836853 ], [ 87.943860082050421, 24.628289984778174 ], [ 87.959860081353938, 24.535329983965283 ], [ 87.8706900739829, 24.485839985611523 ], [ 87.884310072065929, 24.303659985780726 ], [ 87.776500063001023, 24.217999987165939 ], [ 87.801250063645327, 24.115009986854126 ], [ 87.596360050900685, 24.063709990004753 ], [ 87.533210045942226, 23.928359990021665 ], [ 87.392170039153001, 23.934199992238202 ], [ 87.379850038821857, 23.970949992472971 ], [ 87.300150035203785, 23.934019992542051 ], [ 87.330060036532046, 23.885349992766841 ], [ 87.237880032258829, 23.775369993196097 ], [ 87.188840030138735, 23.79986999386163 ], [ 86.991010023739591, 23.739019995354784 ], [ 86.843330020544329, 23.835929995807096 ], [ 86.791550019069746, 23.773939996204135 ], [ 86.816240019431021, 23.730669995873612 ], [ 86.739830016728192, 23.602799996816863 ], [ 86.560070013478622, 23.63299999696078 ], [ 86.363090010702876, 23.509819998300614 ], [ 86.294670009081528, 23.331789998240875 ], [ 86.248180008417791, 23.319289998596801 ], [ 86.122370007149073, 23.383659998534419 ], [ 86.083500006737196, 23.489859999043826 ], [ 85.977840005786987, 23.460259998945556 ], [ 85.995160005897148, 23.421989999109297 ], [ 85.843540005218273, 23.399679998991608 ], [ 85.830300004439195, 23.391779998734318 ], [ 85.813560004955818, 23.342399999564808 ], [ 85.806650004606865, 23.161199998943072 ], [ 85.903540004667377, 23.073019999203655 ], [ 85.966950004891089, 23.060879998699491 ], [ 86.144940006762056, 22.947049998536087 ], [ 86.494380009776464, 22.922919997562804 ], [ 86.404850008417611, 22.851709998167721 ], [ 86.393130008841851, 22.745539997524276 ], [ 86.407130008291631, 22.685759998049356 ], [ 86.50637000970687, 22.646959997231274 ], [ 86.595660009654864, 22.515359997135835 ], [ 86.687360011439253, 22.496009996527196 ], [ 86.687950010803419, 22.394339997205279 ], [ 86.811760011432696, 22.235289996098036 ], [ 86.711860009677252, 22.143359996719056 ], [ 86.661430009723901, 22.162489997195234 ], [ 86.016040004744539, 22.47229999893942 ], [ 85.958300004353305, 22.4581499988569 ], [ 85.959940003577287, 22.161909999029131 ], [ 85.996890003555691, 22.1248599989895 ], [ 85.920620002898161, 21.954019999326331 ], [ 85.801320002547897, 21.916169998751901 ], [ 85.762410001956596, 21.934529999030993 ], [ 85.793560003017291, 22.035439998890144 ], [ 85.668730001886615, 22.011539999351523 ], [ 85.341030001298762, 22.101429999208428 ], [ 85.239170000691914, 21.970909999940314 ], [ 84.999540001220439, 22.010140000155261 ], [ 85.079540001424959, 22.317049999957181 ], [ 85.06707000103971, 22.379089999569175 ], [ 85.020730001066042, 22.386669999878443 ], [ 84.518030000677157, 22.358259999852599 ], [ 84.413510000486468, 22.294270000240715 ], [ 84.26564000021034, 22.285369999876899 ], [ 83.98607000011593, 22.467559999670847 ], [ 84.189400000325719, 22.584119999583436 ], [ 84.354119999925487, 22.821390000160733 ], [ 84.343220000487221, 22.880670000434193 ], [ 84.116159999918779, 22.913570000029029 ], [ 84.012860000183522, 23.097300000004026 ], [ 84.036480000121529, 23.164440000056338 ], [ 84.0546000002456, 23.25432999994257 ], [ 83.953560000493539, 23.28469999979205 ], [ 84.004840000507613, 23.534509999928279 ], [ 83.9289700003566, 23.537120000380011 ], [ 83.885710000059092, 23.463910000185351 ], [ 83.779080000080256, 23.486830000053786 ], [ 83.683780000168284, 23.607159999784106 ], [ 83.60889999967479, 23.820500000240301 ], [ 83.474689999686461, 23.897959999846993 ], [ 83.262310000357601, 23.906950000252831 ], [ 83.397900000243212, 24.056689999989413 ], [ 83.470280000420487, 24.280449999884826 ], [ 83.435259999987665, 24.368869999909847 ], [ 83.495610000434226, 24.432480000462949 ], [ 83.555919999985193, 24.46664000001379 ], [ 83.55588999964543, 24.520730000350753 ], [ 83.812805176405661, 24.528198242124422 ], [ 83.940185547361821, 24.550415038644783 ], [ 84.028991699605086, 24.632202148403245 ], [ 84.117614746302209, 24.479187012392337 ], [ 84.281982422209978, 24.548034668210633 ], [ 84.491821290030188, 24.291198729553152 ], [ 84.828002930958817, 24.524841309230947 ], [ 84.906616211910119, 24.395019530752123 ], [ 85.166015627301377, 24.412597656225337 ], [ 85.395019534619976, 24.532226561285796 ], [ 85.679382329009186, 24.594604491120702 ], [ 85.709594732349288, 24.769226073628396 ], [ 86.057800301727298, 24.778991697618032 ], [ 86.156188974746215, 24.591186521575647 ], [ 86.324401867535741, 24.586425778934007 ], [ 86.289001476742669, 24.462036131487466 ], [ 86.469421401398634, 24.380432126458842 ], [ 86.531005874938714, 24.544006345082714 ], [ 86.600219744892627, 24.600219723801938 ], [ 86.915222194598883, 24.574829097613485 ], [ 86.958007840221256, 24.649414057571104 ], [ 87.053588897805156, 24.608032221975552 ], [ 87.094604526251786, 24.825012201534424 ], [ 87.160400427986076, 24.896423334043753 ], [ 87.169006386803105, 25.046203606758411 ], [ 87.249206586076028, 25.111389153584451 ], [ 87.352233936419466, 25.213989250636747 ], [ 87.477600154223495, 25.218200675413357 ], [ 87.586608951212, 25.348999012606139 ], [ 87.708984447555082, 25.277038562822757 ], [ 87.944750091293685, 25.225069984919024 ] ] ] } },
{ "type": "Feature", "properties": { "rid": 15, "name": "N M M T", "zone": "East & NE", "imd_region": "EAST AND NORTH EAST INDIA", "STATE": "MANIPUR" }, "geometry": { "type": "Polygon", "coordinates": [ [ [ 92.367872497385207, 24.511089223237573 ], [ 92.409612457711702, 24.311059198107174 ], [ 92.357472335864571, 24.224449226270643 ], [ 92.489232538208569, 24.236659152587769 ], [ 92.52408256262143, 24.184579130698165 ], [ 92.567362608539852, 24.146139104230627 ], [ 92.672752754610499, 24.106869037126181 ], [ 92.896323401295561, 24.472318884532072 ], [ 92.981123486059644, 24.353098818264517 ], [ 93.120413788401791, 24.366258703904997 ], [ 93.139053984543906, 24.558988691542627 ], [ 93.256584280279483, 24.582298587418755 ], [ 93.267974394809613, 24.683218578985521 ], [ 93.173344237628854, 24.774198666061949 ], [ 93.22787445905405, 24.880328619347324 ], [ 93.282264600788167, 24.882788570182495 ], [ 93.315254733024958, 24.935388540325476 ], [ 93.366934938374015, 25.009338492411516 ], [ 93.466265491431301, 25.301898401008472 ], [ 93.535285770632413, 25.369658330346613 ], [ 93.595565952641479, 25.355448265145188 ], [ 93.583526046003286, 25.493128282222816 ], [ 93.495675829155545, 25.570218377365773 ], [ 93.506645950307032, 25.664258368882212 ], [ 93.828197423091851, 25.964708015345803 ], [ 93.973147977824695, 25.921647827551229 ], [ 94.088198560001331, 25.983587671608998 ], [ 94.056728494087338, 26.047737719194629 ], [ 94.105618959162655, 26.246647659864962 ], [ 94.252279909006816, 26.423387452460791 ], [ 94.365750755398494, 26.601687283879922 ], [ 94.410870893235781, 26.516607204971649 ], [ 94.604892406060642, 26.76012688318772 ], [ 94.680952900875738, 26.762386741753659 ], [ 94.764483530204544, 26.806586583702266 ], [ 94.894354554701209, 26.870556323947852 ], [ 94.96360525771253, 26.979226185249473 ], [ 95.103416382873021, 26.99494587137977 ], [ 95.287528125316399, 27.090015432595301 ], [ 95.283257615105782, 26.859605418664763 ], [ 95.375638242638971, 26.776945167930769 ], [ 95.304297523180466, 26.730025350329015 ], [ 95.250936976271561, 26.683445481633026 ], [ 95.204466265252861, 26.521675581827157 ], [ 95.300946165937006, 26.119155297208458 ], [ 95.141474576091156, 25.938295683669384 ], [ 95.154464358003978, 25.79103563994633 ], [ 95.100523907859113, 25.755755768296186 ], [ 94.929902366920103, 25.542316143859342 ], [ 94.818601668371244, 25.527926382079809 ], [ 94.738470807741564, 25.304716532417359 ], [ 94.89760133547297, 25.11356618842699 ], [ 94.751919888707022, 24.766246477415418 ], [ 94.711079701498321, 24.774436560093456 ], [ 94.582088652210246, 24.525346798766044 ], [ 94.476477869141135, 24.330326984177269 ], [ 94.404737116725101, 24.044687100561863 ], [ 94.284006520970763, 23.94044729897082 ], [ 94.186156150658434, 23.910677452388502 ], [ 93.895445345088348, 23.973607868334284 ], [ 93.913805482773625, 24.040027845583314 ], [ 93.786125102030567, 24.02740800947949 ], [ 93.503784374292508, 24.034568333795185 ], [ 93.278793494701873, 23.6363385522471 ], [ 93.314333385230782, 23.442788516525589 ], [ 93.194602934767801, 23.184878624917509 ], [ 93.06036259346358, 23.035898739039222 ], [ 93.032752494463125, 22.964908761575874 ], [ 92.998322348060455, 22.845428788637768 ], [ 92.926032175781245, 22.748148845565133 ], [ 93.067562054102268, 22.385758730092075 ], [ 93.025111883842612, 22.242348764247883 ], [ 92.947591774342243, 22.209338826578009 ], [ 92.863201549328323, 22.028588890199654 ], [ 92.593411412332259, 22.169609076484441 ], [ 92.560511295418991, 22.031879096429563 ], [ 92.502171238857031, 22.012349132177079 ], [ 92.520931339215608, 22.14911912109179 ], [ 92.393801401238804, 22.429429196302799 ], [ 92.425801608868937, 22.739589178728259 ], [ 92.268661545380809, 22.900129265137782 ], [ 92.276381654823737, 23.096699262173136 ], [ 92.213181659512856, 23.233519295085365 ], [ 92.278641761251649, 23.298309261294548 ], [ 92.200761725852857, 23.395639301370128 ], [ 92.158241761170686, 23.566099323924462 ], [ 92.193001860382381, 23.692509307190537 ], [ 92.144741841177293, 23.770429330802578 ], [ 91.940621582090287, 23.682119422206398 ], [ 91.880861530831965, 23.702799446900638 ], [ 91.823171482903803, 23.72245946993435 ], [ 91.830701395503738, 23.474119465703662 ], [ 91.69755123294614, 23.341109515418072 ], [ 91.711951162827731, 23.113919509365662 ], [ 91.585301020606622, 22.964119553463746 ], [ 91.477170962604021, 23.006169588683942 ], [ 91.292980922854483, 23.27107964325895 ], [ 91.298710886218942, 23.121149641399555 ], [ 91.216130845734028, 23.154519663521295 ], [ 91.196140863030408, 23.267419669345671 ], [ 91.081820864788838, 23.554789698427484 ], [ 91.159420956092532, 23.733349679282064 ], [ 91.486491271117487, 23.993529589299456 ], [ 91.526261331298315, 24.078969576491595 ], [ 91.766811572105865, 24.118329493863151 ], [ 91.8148316595003, 24.221559475929563 ], [ 91.886181717153534, 24.169869447347242 ], [ 91.931241788904842, 24.224729429080746 ], [ 92.056531910305267, 24.161519375168528 ], [ 92.065571998032965, 24.340759372000591 ], [ 92.24678226360983, 24.396209285895523 ], [ 92.284222369279149, 24.504809267587856 ], [ 92.367872497385207, 24.511089223237573 ] ] ] } },
{ "type": "Feature", "properties": { "rid": 16, "name": "SHWB & SIKKIM", "zone": "East & NE", "imd_region": "EAST AND NORTH EAST INDIA", "STATE": "WEST BENGAL" }, "geometry": { "type": "Polygon", "coordinates": [ [ [ 88.154102609521985, 24.657401982143305 ], [ 87.936920083039936, 24.736069984836853 ], [ 87.938600086586646, 24.976899984696448 ], [ 87.87020008223891, 25.047799985939243 ], [ 87.847490082099142, 25.201659986144961 ], [ 87.944750091293685, 25.225069984919024 ], [ 87.883500089026867, 25.412129985531351 ], [ 87.997460100129302, 25.466869983626172 ], [ 88.116690113101171, 25.455889981563335 ], [ 88.155110118346485, 25.502189980818759 ], [ 88.064350108317115, 25.55148998292081 ], [ 88.100760114068052, 25.648079981779098 ], [ 87.888910095587136, 25.849379986307497 ], [ 87.910210099590586, 25.972249985700131 ], [ 88.054680117790795, 26.138819982663133 ], [ 88.32689015647621, 26.299419977460968 ], [ 88.300480155135944, 26.413289977480563 ], [ 88.258780149778246, 26.492969979350999 ], [ 88.182380139934025, 26.528169980260635 ], [ 88.230390151331662, 26.766429979339794 ], [ 88.182370147221008, 26.917099980527052 ], [ 88.038190129118888, 27.04625998346636 ], [ 88.040780131433451, 27.168689983569138 ], [ 88.074660140136587, 27.416639982969116 ], [ 88.137280151606589, 27.617709982294063 ], [ 88.219350166818842, 27.758359980686276 ], [ 88.167400160851045, 27.901189982037028 ], [ 88.449640211212738, 27.962569974902994 ], [ 88.623810251694891, 28.081119970034052 ], [ 88.729680276516532, 28.08103996712882 ], [ 88.86284030912762, 28.001399961439045 ], [ 88.935650325229759, 27.861989958691687 ], [ 88.82703028312406, 27.42271996256126 ], [ 88.933800306701244, 27.304699957841866 ], [ 88.796750268225409, 27.166159963214877 ], [ 88.908260293682304, 27.103429958630102 ], [ 88.918730293782858, 27.01134995844042 ], [ 88.970690306120844, 26.986759956384578 ], [ 89.226550374448678, 26.810929943243469 ], [ 89.471610462009394, 26.856269928745377 ], [ 89.68204054419725, 26.800479912991221 ], [ 89.728980559834127, 26.724039908605938 ], [ 89.921840651231022, 26.717199891266592 ], [ 89.909430634016033, 26.579069892591974 ], [ 89.906710621101695, 26.429889891899311 ], [ 89.901190614676054, 26.383899892580505 ], [ 89.88529060253137, 26.32527989435539 ], [ 89.83978057906883, 26.291149898576048 ], [ 89.788570552873708, 26.250709902974872 ], [ 89.66169049436418, 26.177889913405409 ], [ 89.63712047273161, 25.998599914712376 ], [ 89.386780386714534, 26.024689932680886 ], [ 89.206250337845702, 26.151509943098567 ], [ 89.15361033217269, 26.356899946837704 ], [ 89.016470299150157, 26.450679953729711 ], [ 88.954390279923999, 26.371939956314577 ], [ 89.074260305908908, 26.241319950187474 ], [ 88.953050276384289, 26.276529956114675 ], [ 88.789530237902227, 26.244989962944032 ], [ 88.82967024356654, 26.157639961271123 ], [ 88.787770234312759, 26.141999962531113 ], [ 88.710900220010458, 26.182179965463749 ], [ 88.761730233969104, 26.298529963964384 ], [ 88.472550185143589, 26.568489973155334 ], [ 88.397410172154196, 26.527179975037807 ], [ 88.410610172385006, 26.439999975287407 ], [ 88.595560202757028, 26.368139969280026 ], [ 88.568930196967131, 26.314759970721905 ], [ 88.439660173321215, 26.293379974209589 ], [ 88.390890163419854, 26.173079975141356 ], [ 88.24027014066607, 26.111109979164624 ], [ 88.161880126759726, 25.917519980822227 ], [ 88.184300126370701, 25.7459599802811 ], [ 88.326250144461724, 25.744089977323569 ], [ 88.545390170854873, 25.520089970503768 ], [ 88.71562019759223, 25.429219964720581 ], [ 88.880120230507472, 25.486389958193683 ], [ 88.884620227069021, 25.368599957928335 ], [ 89.093260268408628, 25.279959948473845 ], [ 89.003420243198391, 25.155149952817528 ], [ 88.528950158319432, 25.144619971220248 ], [ 88.405920134103383, 24.854339974049569 ], [ 88.310450122109145, 24.840519976583685 ], [ 88.289600121618065, 24.904279977737541 ], [ 88.226590113576151, 24.894359979225193 ], [ 88.154102609521985, 24.657401982143305 ] ] ] } },
{ "type": "Feature", "properties": { "rid": 17, "name": "A & N ISLAND", "zone": "Islands", "imd_region": "SOUTH PENINSULA", "STATE": "ANDAMAN AND NICOBAR ISLANDS" }, "geometry": { "type": "MultiPolygon", "coordinates": [ [ [ [ 93.927601941917771, 6.950368929245548 ], [ 93.921762135641373, 7.097768911970388 ], [ 94.116600270923072, 7.192669760114728 ], [ 94.22203892825334, 7.000080710964381 ], [ 94.169879259742359, 6.768002788206662 ], [ 94.089210095378633, 6.733649851895879 ], [ 93.977151452454294, 6.948545896625085 ], [ 93.927601941917771, 6.950368929245548 ] ] ], [ [ [ 93.010520570254869, 9.173786237955103 ], [ 92.971530740273067, 9.112673261962611 ], [ 92.882681232008821, 9.149716301580961 ], [ 92.956440916275582, 9.255364259336915 ], [ 93.010520570254869, 9.173786237955103 ] ] ], [ [ [ 92.631333458121389, 10.874399322414249 ], [ 92.694483209151286, 10.878539292357118 ], [ 92.761552808503538, 10.690629269776021 ], [ 92.677463038590588, 10.498999320050897 ], [ 92.557093535819504, 10.519949372846188 ], [ 92.539033750783844, 10.770259368809809 ], [ 92.631333458121389, 10.874399322414249 ] ] ], [ [ [ 92.716093845446153, 11.953789229678437 ], [ 92.727253773579733, 11.909419225830435 ], [ 92.766643843648524, 12.21220919063693 ], [ 92.807973709396592, 12.236379166009728 ], [ 92.901913195854149, 12.035099122634191 ], [ 92.857223253556896, 11.878449156675947 ], [ 92.888003179820004, 11.942279135296694 ], [ 92.912943030814461, 11.879339124610043 ], [ 92.829413215939127, 11.678029182344131 ], [ 92.880203020009944, 11.690379153180986 ], [ 92.889102936114639, 11.627619151620763 ], [ 92.846403005821173, 11.484859183299733 ], [ 92.655204004486663, 11.862239264833359 ], [ 92.716093845446153, 11.953789229678437 ] ] ], [ [ [ 92.860713860755411, 12.689839113882899 ], [ 92.870933961814998, 12.866629099146117 ], [ 93.021003483800712, 12.952239000821741 ], [ 93.09971296037105, 12.707118960931084 ], [ 93.090342842850774, 12.532158977508466 ], [ 92.97616321446138, 12.427519056886972 ], [ 92.999293059669299, 12.35163904642968 ], [ 92.883243495316449, 12.327909118264644 ], [ 92.81360381223908, 12.402229154883825 ], [ 92.81914397830775, 12.649879140379099 ], [ 92.860713860755411, 12.689839113882899 ] ] ], [ [ [ 92.940603942768504, 13.148229042829451 ], [ 92.917054231935481, 13.398989046336048 ], [ 93.038653965357241, 13.574928957127899 ], [ 93.131543653680879, 13.5965188903208 ], [ 93.175423259116016, 13.354508871413813 ], [ 93.106233562535735, 13.398288918413257 ], [ 93.108123492746657, 13.330278920898113 ], [ 93.16146318885346, 13.223428888369245 ], [ 93.117673219930182, 13.073018928083505 ], [ 93.053513483559229, 13.092258971145759 ], [ 93.013513595284891, 13.049418999985276 ], [ 93.041343447013233, 12.999198984573463 ], [ 92.952743726411299, 12.939199045402535 ], [ 92.912963870897173, 12.940019070317518 ], [ 92.891074047383171, 13.063249077546425 ], [ 92.940603942768504, 13.148229042829451 ] ] ] ] } },
{ "type": "Feature", "properties": { "rid": 18, "name": "LAKSHADWEEP", "zone": "Islands", "imd_region": "SOUTH PENINSULA", "STATE": "LAKSHADWEEP" }, "geometry": { "type": "MultiPolygon", "coordinates": [ [ [ [ 72.283631316249767, 10.040832455108456 ], [ 72.283387175193127, 10.040832455667186 ], [ 72.283204070318604, 10.041015560567791 ], [ 72.283204070819934, 10.041198665164471 ], [ 72.283387175371587, 10.041625912521695 ], [ 72.283814422522894, 10.042236263369521 ], [ 72.283997526995861, 10.042602474170433 ], [ 72.284241667399186, 10.043029720019907 ], [ 72.284241667522807, 10.04339593110744 ], [ 72.284607878466119, 10.044616634599668 ], [ 72.284790982833783, 10.044799740577004 ], [ 72.285035123873215, 10.045593197320315 ], [ 72.285401334346105, 10.046020443358149 ], [ 72.285584439045977, 10.046386654790398 ], [ 72.286194791257671, 10.046997005195914 ], [ 72.28680514125989, 10.047607357173577 ], [ 72.287232387027728, 10.048034603479394 ], [ 72.287598597697425, 10.048400814630309 ], [ 72.287598598085751, 10.048583919577627 ], [ 72.288208949027876, 10.049194271774619 ], [ 72.288636195017304, 10.049621517685335 ], [ 72.289795862228104, 10.05261224057697 ], [ 72.290040001794068, 10.052795345747571 ], [ 72.290406212440459, 10.052795345503259 ], [ 72.290406212388476, 10.052429134698235 ], [ 72.289612756294815, 10.050598080326724 ], [ 72.289185510409411, 10.049438412623486 ], [ 72.289185510928618, 10.047790462478901 ], [ 72.289185511020847, 10.047607357717066 ], [ 72.289185511048203, 10.047424252061585 ], [ 72.289185510986513, 10.047241146406508 ], [ 72.289002406043437, 10.046813900496762 ], [ 72.289002406200439, 10.046386654795622 ], [ 72.288819300395133, 10.046020443937767 ], [ 72.288636194848948, 10.045410091640877 ], [ 72.288208949858372, 10.044982845973617 ], [ 72.287842738857904, 10.044433529648773 ], [ 72.287415493691739, 10.043640072601342 ], [ 72.286988247357428, 10.042785580660921 ], [ 72.286194790989654, 10.042236263897392 ], [ 72.285828580653984, 10.041809017977869 ], [ 72.284790983212645, 10.041015560487514 ], [ 72.284241667530097, 10.041015560597197 ], [ 72.283814421894732, 10.040832455456666 ], [ 72.283631316249767, 10.040832455108456 ] ] ], [ [ [ 72.336243577709666, 10.102233824902749 ], [ 72.3367928929231, 10.103393493109458 ], [ 72.337037033951347, 10.104614196122876 ], [ 72.336609788355716, 10.105834899504202 ], [ 72.336609788480942, 10.106201109742029 ], [ 72.337037033432196, 10.106201110537933 ], [ 72.337403244806197, 10.106018004035446 ], [ 72.337830490593177, 10.105407653125948 ], [ 72.338196700806805, 10.105041442334567 ], [ 72.338196700910117, 10.104614196298344 ], [ 72.33801359519812, 10.104003843804382 ], [ 72.337220138810864, 10.103027281749137 ], [ 72.336792893069202, 10.102233825346953 ], [ 72.336243577534034, 10.100830016321195 ], [ 72.335389086276578, 10.099792418048139 ], [ 72.335022876279822, 10.099426207802424 ], [ 72.334839770123338, 10.099609313396771 ], [ 72.335022875332356, 10.100219665099344 ], [ 72.33581633220227, 10.101196226871746 ], [ 72.336243577709666, 10.102233824902749 ] ] ], [ [ [ 72.328797291498816, 10.1372069681304 ], [ 72.329041431696794, 10.137023863630938 ], [ 72.329407642224893, 10.13684075769469 ], [ 72.329590748336884, 10.136230406892038 ], [ 72.329834888233904, 10.13598626577588 ], [ 72.329834887952586, 10.135620054618885 ], [ 72.330017994044383, 10.135192808507217 ], [ 72.330201098234909, 10.134399351304992 ], [ 72.330628344349122, 10.133788999246285 ], [ 72.33099455501582, 10.133239683716857 ], [ 72.331421801100205, 10.132995542486054 ], [ 72.331604906599253, 10.132812437388742 ], [ 72.331788011627538, 10.132385191599671 ], [ 72.331788011861846, 10.132018980557072 ], [ 72.331788011885706, 10.131225524068002 ], [ 72.332032152719847, 10.130615171986795 ], [ 72.332032152288477, 10.13018792540287 ], [ 72.332215257497367, 10.129821714963013 ], [ 72.332398363096246, 10.129638609419507 ], [ 72.332642503854402, 10.129394468568524 ], [ 72.332642504690824, 10.129028257739684 ], [ 72.33282560946121, 10.128601012197402 ], [ 72.333008713648638, 10.128417907227005 ], [ 72.333191820353093, 10.128234801156669 ], [ 72.333191819761069, 10.127990660855097 ], [ 72.333008714375708, 10.127807555022768 ], [ 72.333008713858135, 10.127624449437306 ], [ 72.332642504607037, 10.127624449873347 ], [ 72.332398363674528, 10.127807554583903 ], [ 72.332215258055754, 10.128234800628805 ], [ 72.332032152596057, 10.128601011744333 ], [ 72.331788012200093, 10.128784117815082 ], [ 72.331421801197038, 10.129211363376379 ], [ 72.330994555179061, 10.12939446892989 ], [ 72.330201099022872, 10.129638609723443 ], [ 72.329834888452126, 10.129394468536411 ], [ 72.329590748570411, 10.129394468298148 ], [ 72.329224537423244, 10.129211363693999 ], [ 72.328797292504177, 10.129211363410988 ], [ 72.328431081633823, 10.129211363703924 ], [ 72.327637624722755, 10.129211363471255 ], [ 72.327393483671855, 10.129394468201156 ], [ 72.327210379081421, 10.129638609537846 ], [ 72.32721037882088, 10.129821714256774 ], [ 72.327210379325606, 10.130004820788111 ], [ 72.32702727327019, 10.130432066249059 ], [ 72.327210378985143, 10.130615171384973 ], [ 72.32739348398448, 10.130798277460968 ], [ 72.327637624360108, 10.131042417216531 ], [ 72.327820729851581, 10.131225523455964 ], [ 72.327820729177205, 10.131408628467968 ], [ 72.328186940472108, 10.132018980405023 ], [ 72.328186940528582, 10.132202085616548 ], [ 72.328186940472193, 10.132385191722449 ], [ 72.328186940337176, 10.13281243782223 ], [ 72.32818693975581, 10.134033140529208 ], [ 72.328186939715593, 10.134216246662641 ], [ 72.328186940320037, 10.134582457166468 ], [ 72.328003835021292, 10.134826597150091 ], [ 72.328003835393062, 10.13500970322208 ], [ 72.328003834798125, 10.135192808376347 ], [ 72.327820729544555, 10.135620054755297 ], [ 72.32782072924303, 10.135986265834566 ], [ 72.327637624569647, 10.136596617505765 ], [ 72.327393483369079, 10.137023863666736 ], [ 72.327393483249509, 10.137206968582866 ], [ 72.327393483788626, 10.137634214910612 ], [ 72.327637624581399, 10.138000425750972 ], [ 72.327637624106742, 10.138183531679031 ], [ 72.327820729037199, 10.138183531685682 ], [ 72.328003834811, 10.138427671599885 ], [ 72.328186939694831, 10.138610777703658 ], [ 72.328431080821659, 10.138427671244557 ], [ 72.32843108061256, 10.138183531880085 ], [ 72.328431080626402, 10.138000425575001 ], [ 72.328431080527366, 10.137817320164347 ], [ 72.328614185303934, 10.137634214941436 ], [ 72.328797291498816, 10.1372069681304 ] ] ], [ [ [ 72.644592957647646, 10.578002881702155 ], [ 72.644837098148159, 10.578002882000533 ], [ 72.645020202729313, 10.578185987089304 ], [ 72.645203309313104, 10.578185986738221 ], [ 72.645386414147339, 10.578185987125106 ], [ 72.645630554883837, 10.578002882060957 ], [ 72.645813659802116, 10.578002882111054 ], [ 72.646240905089243, 10.578185987213185 ], [ 72.646607115787859, 10.578185986648267 ], [ 72.647034361528441, 10.577819775715696 ], [ 72.647400572960322, 10.577209425147151 ], [ 72.647827818502762, 10.576599072756744 ], [ 72.648194029454032, 10.576232862371834 ], [ 72.648987485783209, 10.57519526440398 ], [ 72.649597838092376, 10.574401806884165 ], [ 72.650208189073126, 10.572997999416989 ], [ 72.650818539827284, 10.57183833154169 ], [ 72.651001645852702, 10.57098383876308 ], [ 72.651184750846838, 10.569824171306122 ], [ 72.651184751252231, 10.569030713807791 ], [ 72.651184751151462, 10.568420362595131 ], [ 72.650818540715647, 10.567626905342596 ], [ 72.650635435697396, 10.566589307465751 ], [ 72.650391295183837, 10.566406201911954 ], [ 72.650208189640864, 10.565795850203934 ], [ 72.65020819015345, 10.565185498792927 ], [ 72.650208189639585, 10.564819288116633 ], [ 72.650025083974029, 10.564208936436597 ], [ 72.649841979086901, 10.563598585230869 ], [ 72.64959783813687, 10.563232373890367 ], [ 72.649231627801669, 10.562988233196334 ], [ 72.648804382025517, 10.562622021959555 ], [ 72.647827819213887, 10.56201167140971 ], [ 72.647217468620838, 10.561584425106048 ], [ 72.64660711700536, 10.561035108190845 ], [ 72.645813660784455, 10.560790968257685 ], [ 72.644592958497995, 10.560424757225325 ], [ 72.643982607832555, 10.56042475724691 ], [ 72.64361639682393, 10.560241650435433 ], [ 72.643189150716083, 10.560241650627814 ], [ 72.642212588712553, 10.559997511068442 ], [ 72.641419132026797, 10.559387158731344 ], [ 72.640442571207032, 10.559020947768364 ], [ 72.640015323593872, 10.558593701681646 ], [ 72.639221867834678, 10.558410596249082 ], [ 72.638794621633963, 10.558410596604515 ], [ 72.638184271408875, 10.558227490210845 ], [ 72.63763495470856, 10.557983349922091 ], [ 72.63684149823753, 10.557617138875756 ], [ 72.636231147636053, 10.557189892806347 ], [ 72.635193550163379, 10.556640576502694 ], [ 72.634400093748951, 10.555786084210384 ], [ 72.632019723803637, 10.554016064334737 ], [ 72.630615915968733, 10.552795361650913 ], [ 72.629212108411608, 10.55200190417106 ], [ 72.627991406205311, 10.551025342559539 ], [ 72.626038282072997, 10.549438427753838 ], [ 72.625427931007351, 10.549011180640342 ], [ 72.624817580269507, 10.548583935368917 ], [ 72.624207228257191, 10.548034619018868 ], [ 72.62384101776081, 10.547607373360876 ], [ 72.623596877307875, 10.546997021298948 ], [ 72.62341377255872, 10.546630809863618 ], [ 72.622986526036328, 10.546203564209268 ], [ 72.622620315458249, 10.54583735262114 ], [ 72.622009964203627, 10.545410106663944 ], [ 72.621582718729243, 10.544799755478907 ], [ 72.621399613203465, 10.544616650063267 ], [ 72.621216507381845, 10.544189403452116 ], [ 72.620789262056718, 10.543823192822565 ], [ 72.620423051051503, 10.543395946817375 ], [ 72.620239946043455, 10.543212841866884 ], [ 72.619995805219133, 10.543029735701838 ], [ 72.619629594294125, 10.542785595717117 ], [ 72.619202348527608, 10.54260249007384 ], [ 72.618591998085165, 10.541992137998758 ], [ 72.618225787098112, 10.541992137516994 ], [ 72.618042681900491, 10.541809032845483 ], [ 72.61761543613747, 10.541809033009496 ], [ 72.617188189926722, 10.541809032560318 ], [ 72.617188189656375, 10.541992137791478 ], [ 72.616821979085074, 10.54223627871796 ], [ 72.616638874706297, 10.542419384626477 ], [ 72.616394733511214, 10.542785595893873 ], [ 72.616394733244249, 10.543212841853748 ], [ 72.616394733646899, 10.543395946771431 ], [ 72.616394733618108, 10.543823192757001 ], [ 72.616394733710948, 10.544006298570057 ], [ 72.616821979484911, 10.544433544358556 ], [ 72.617005084762596, 10.54479975561987 ], [ 72.617432330491866, 10.545227002020095 ], [ 72.617615435643117, 10.545593212925688 ], [ 72.618042681352264, 10.546020459042779 ], [ 72.618408892061893, 10.54620356375916 ], [ 72.618836138204244, 10.546386669461917 ], [ 72.619019243549474, 10.546630809971024 ], [ 72.61938545463147, 10.546630810013923 ], [ 72.619812700071662, 10.546813916095697 ], [ 72.619995805128113, 10.546813916209254 ], [ 72.620239945518676, 10.546997021060529 ], [ 72.620423050816314, 10.547241161828479 ], [ 72.620789261500363, 10.547424266712756 ], [ 72.621033402681533, 10.547424266442732 ], [ 72.621399613475333, 10.547607372817719 ], [ 72.621826858680976, 10.547790477965979 ], [ 72.622009964320256, 10.547790478206231 ], [ 72.622437209638861, 10.547790478007308 ], [ 72.622620315557413, 10.54779047788665 ], [ 72.622803420655515, 10.547790477633642 ], [ 72.623230665868235, 10.547790478105449 ], [ 72.623596876776134, 10.548217724049863 ], [ 72.624207228960813, 10.54882807575234 ], [ 72.624634473879937, 10.549438427838327 ], [ 72.624817579929228, 10.549621533146857 ], [ 72.625000685196341, 10.549987743702745 ], [ 72.625427930603962, 10.550598096202664 ], [ 72.625611036793828, 10.551025342278688 ], [ 72.626038282384201, 10.552001903752283 ], [ 72.626221387247327, 10.552429149821196 ], [ 72.626587597952422, 10.553039501844715 ], [ 72.626831738844061, 10.553405713235655 ], [ 72.62719794923639, 10.554016064526396 ], [ 72.627991405779682, 10.55499262692925 ], [ 72.629029002247876, 10.556396435314511 ], [ 72.629822459085375, 10.55761713865575 ], [ 72.630615915641087, 10.558837842002152 ], [ 72.631043161094013, 10.559631298935944 ], [ 72.631836617842524, 10.5606078616117 ], [ 72.632202827852439, 10.561401318682202 ], [ 72.632813179785671, 10.562194775710269 ], [ 72.632996284599912, 10.562438916085586 ], [ 72.63360663608087, 10.563415478423712 ], [ 72.634827338227396, 10.56542963822889 ], [ 72.635987006087049, 10.567626904098848 ], [ 72.636414251817513, 10.568420361638596 ], [ 72.636841496839594, 10.569030713120846 ], [ 72.637207708281252, 10.569396924167426 ], [ 72.637634953574121, 10.57043452126479 ], [ 72.638001164317529, 10.570983838269161 ], [ 72.638184269935465, 10.571838330989898 ], [ 72.638428410391768, 10.572021435314591 ], [ 72.638794621284902, 10.572814892531088 ], [ 72.639221866809166, 10.573425244400731 ], [ 72.639588077289432, 10.574035596879162 ], [ 72.639588077610455, 10.57421870169699 ], [ 72.639832217883963, 10.575195263700914 ], [ 72.639832217827731, 10.57562251063481 ], [ 72.640198429036431, 10.576782178863631 ], [ 72.640442569887597, 10.577392529467719 ], [ 72.640625674574835, 10.578185986360817 ], [ 72.640442569904351, 10.578796338688132 ], [ 72.640442569265304, 10.579040478407578 ], [ 72.640625674350829, 10.579040478475852 ], [ 72.640991885394143, 10.579223584693553 ], [ 72.641236025691185, 10.579223585026167 ], [ 72.641602235876377, 10.579040478489858 ], [ 72.642212587974029, 10.578796338503897 ], [ 72.643189149725828, 10.578430127978667 ], [ 72.643982606369519, 10.578185986891173 ], [ 72.644592957647646, 10.578002881702155 ] ] ], [ [ [ 72.168396963242643, 10.813598557460686 ], [ 72.16839696304605, 10.813415450892238 ], [ 72.168641104111103, 10.813232345721637 ], [ 72.168824209254126, 10.812988205018145 ], [ 72.169007314617673, 10.812805100193767 ], [ 72.168824209367131, 10.812621994206113 ], [ 72.168396963420903, 10.812621993936576 ], [ 72.16803075234084, 10.812438889256414 ], [ 72.167786612915378, 10.812438888794711 ], [ 72.167603506621674, 10.812438888936882 ], [ 72.167237296106777, 10.812438888940116 ], [ 72.166810050946268, 10.812621994192092 ], [ 72.166199698716767, 10.812621993769303 ], [ 72.166016593951696, 10.812621993780029 ], [ 72.165223138019712, 10.812438888874041 ], [ 72.165040032004867, 10.812438889221944 ], [ 72.164795891960708, 10.812621993825919 ], [ 72.164795892094233, 10.812805099602565 ], [ 72.164612785987529, 10.812988205203565 ], [ 72.164795891770908, 10.813232345812175 ], [ 72.165040031855042, 10.813415450683371 ], [ 72.165406242595111, 10.813598556812551 ], [ 72.165589348542028, 10.814025802988452 ], [ 72.166199698896705, 10.814392013429691 ], [ 72.166382804848979, 10.814392014160912 ], [ 72.166993155369781, 10.814636154255542 ], [ 72.167237296183444, 10.814636154090136 ], [ 72.167603506767804, 10.814636154339169 ], [ 72.167786612644292, 10.814636154310033 ], [ 72.168030752431264, 10.814819259871639 ], [ 72.168213858627325, 10.814819259671445 ], [ 72.168396963538584, 10.815002365012464 ], [ 72.168641103723189, 10.815002364787903 ], [ 72.16864110401437, 10.814819259885457 ], [ 72.168396963482607, 10.814636153630079 ], [ 72.168396962783987, 10.814208907908874 ], [ 72.168213858691914, 10.813781662186059 ], [ 72.168396963242643, 10.813598557460686 ] ] ], [ [ [ 72.205994584957423, 10.8782347894323 ], [ 72.206238725685893, 10.877990649246225 ], [ 72.20642183096956, 10.877807543548506 ], [ 72.20642183067477, 10.87744133243881 ], [ 72.206238726606813, 10.87658683984759 ], [ 72.205994585085904, 10.876220628831819 ], [ 72.205811480419158, 10.875427172612296 ], [ 72.205201129381081, 10.87420646915159 ], [ 72.204407672632797, 10.872802659702238 ], [ 72.203797322164419, 10.871581957516097 ], [ 72.203431112248779, 10.870422288778213 ], [ 72.202637655844725, 10.869201586273959 ], [ 72.202210409449393, 10.868408129220366 ], [ 72.20160005862401, 10.867614671798417 ], [ 72.201233847730961, 10.866821214956584 ], [ 72.200440391382841, 10.865234300509684 ], [ 72.199830040641899, 10.864196702743905 ], [ 72.199219689373351, 10.863037034526638 ], [ 72.198243127136749, 10.861633227057522 ], [ 72.197205531223858, 10.859985277775749 ], [ 72.19641207501077, 10.859008715054468 ], [ 72.195801723402724, 10.857788011412548 ], [ 72.195008266950026, 10.856811448478373 ], [ 72.19464205624584, 10.856201097299696 ], [ 72.194031706279105, 10.855407640232272 ], [ 72.19342135484537, 10.854431077147044 ], [ 72.192811003786915, 10.853637620131684 ], [ 72.192200652342819, 10.852416917361616 ], [ 72.191407196178133, 10.851440354995818 ], [ 72.190796845400428, 10.850830003237624 ], [ 72.19043063476704, 10.849792405258567 ], [ 72.189820283808174, 10.849182054712022 ], [ 72.189026827456175, 10.847839280371387 ], [ 72.188233371117462, 10.846191331402535 ], [ 72.187623020172197, 10.845214769529603 ], [ 72.187012669090109, 10.844238205908304 ], [ 72.186585423914678, 10.843383714020268 ], [ 72.186219213284502, 10.842590256939159 ], [ 72.185608861349451, 10.841430589381829 ], [ 72.184998511345412, 10.840820237137272 ], [ 72.184388160135512, 10.839416429367922 ], [ 72.183838843987957, 10.838195726115893 ], [ 72.183594703249852, 10.838012619510192 ], [ 72.183228492826217, 10.837036058030701 ], [ 72.182618141519342, 10.835998460313251 ], [ 72.182190895534703, 10.835388108600188 ], [ 72.18182468551224, 10.834228441065214 ], [ 72.181397439540831, 10.833434983879517 ], [ 72.181397439540049, 10.832824631934841 ], [ 72.181031228869344, 10.831787033976756 ], [ 72.180787089466747, 10.830993576862255 ], [ 72.180420878278269, 10.830383225719086 ], [ 72.179993633393337, 10.829589768413475 ], [ 72.179627422647584, 10.82861320558292 ], [ 72.178833966100811, 10.827636643705052 ], [ 72.178223614847894, 10.826599045930777 ], [ 72.177613263711876, 10.825988694687306 ], [ 72.177002912526675, 10.825195236924918 ], [ 72.176636701685496, 10.824584885473264 ], [ 72.176209456015371, 10.824401779479562 ], [ 72.175843245483819, 10.823791428161991 ], [ 72.175232895519187, 10.822997971194365 ], [ 72.174988754658074, 10.822814865714156 ], [ 72.17443943901543, 10.822021408496896 ], [ 72.173829087818831, 10.821227951587009 ], [ 72.173401841385001, 10.820617600488831 ], [ 72.172791490649473, 10.820190354275898 ], [ 72.172791490116779, 10.819824143101375 ], [ 72.172242174451128, 10.819396897625914 ], [ 72.171387683078919, 10.818603439935835 ], [ 72.170838367085466, 10.81823722893828 ], [ 72.170594226984448, 10.817993088419112 ], [ 72.170228016606444, 10.817993087880801 ], [ 72.169983875611365, 10.817993088440357 ], [ 72.169800770773506, 10.818237229274503 ], [ 72.170594227109831, 10.819213791299486 ], [ 72.170838366607512, 10.819396896950016 ], [ 72.171021472901771, 10.81982414319414 ], [ 72.171387682885296, 10.820434494501104 ], [ 72.172791489935449, 10.822387619679194 ], [ 72.173829087190924, 10.823791428060765 ], [ 72.174805648429015, 10.825012131047517 ], [ 72.17541600012558, 10.825805588666517 ], [ 72.176392561783487, 10.827209397174178 ], [ 72.177186017865822, 10.82843010086763 ], [ 72.178040509771208, 10.829223557491503 ], [ 72.179017070409998, 10.830627365641618 ], [ 72.179627422410135, 10.83203117495491 ], [ 72.180420877990173, 10.833434983816709 ], [ 72.180787088702203, 10.834228440756402 ], [ 72.181641580031339, 10.835998459757683 ], [ 72.182190895850681, 10.837402268586997 ], [ 72.182801247236483, 10.839233323047448 ], [ 72.183594702872469, 10.840637132113615 ], [ 72.184021948969274, 10.841613695210453 ], [ 72.184815405200823, 10.843017503260272 ], [ 72.185242650566352, 10.843383713682393 ], [ 72.185791967523883, 10.844604416613164 ], [ 72.186402318024193, 10.845825119652032 ], [ 72.187012668927039, 10.846801682933833 ], [ 72.187439914792535, 10.848022385978039 ], [ 72.187989230367009, 10.848998948289836 ], [ 72.188416476198739, 10.849792405594544 ], [ 72.188599581598027, 10.850830003395593 ], [ 72.18878268593113, 10.851989671230703 ], [ 72.189209932295071, 10.853637619983123 ], [ 72.189637177704128, 10.854797287956041 ], [ 72.190186494189007, 10.856201097608775 ], [ 72.190430633382817, 10.857604905654467 ], [ 72.190796843975122, 10.85864250354753 ], [ 72.191040984596711, 10.85980217171973 ], [ 72.191224090597387, 10.860229417096512 ], [ 72.19122409086863, 10.861205980451778 ], [ 72.191407195715428, 10.861205980116724 ], [ 72.191590300389905, 10.861999437509418 ], [ 72.191590300481081, 10.862609788020819 ], [ 72.192200651475261, 10.863586351190929 ], [ 72.192383756818231, 10.864440843025212 ], [ 72.192383756650528, 10.864990159252383 ], [ 72.192994107992078, 10.866821214419208 ], [ 72.192994107647522, 10.867431566455329 ], [ 72.193238248823775, 10.868041917268247 ], [ 72.193787564050055, 10.869384691169346 ], [ 72.19421480921612, 10.870605394547454 ], [ 72.194397915893404, 10.871032640542916 ], [ 72.194825161124129, 10.871581956586542 ], [ 72.195618617629094, 10.872436448592383 ], [ 72.195984827719471, 10.872802659384671 ], [ 72.196228967517726, 10.872985765550824 ], [ 72.197022424033378, 10.874023362647815 ], [ 72.19763277546113, 10.874633715015079 ], [ 72.197998986663393, 10.875183030699837 ], [ 72.199219688606959, 10.876403735120729 ], [ 72.199585898985958, 10.876830980891539 ], [ 72.200623495927104, 10.878234789250703 ], [ 72.200806601103793, 10.878600999559396 ], [ 72.200989706993852, 10.878600999527981 ], [ 72.201416952284958, 10.878600999555079 ], [ 72.201783162903851, 10.878600999477186 ], [ 72.202393513902351, 10.878417894624814 ], [ 72.202820759514665, 10.878417895103269 ], [ 72.203186969852453, 10.878234789026925 ], [ 72.203431111000384, 10.878234789137766 ], [ 72.203797322110901, 10.878234788905536 ], [ 72.20422456716642, 10.878234788915636 ], [ 72.204407672579848, 10.87823478925184 ], [ 72.2048349179816, 10.878417895002057 ], [ 72.205384234802381, 10.878417894795774 ], [ 72.205811480013026, 10.878417895380382 ], [ 72.205994584957423, 10.8782347894323 ] ] ], [ [ [ 72.293213756254758, 10.945800712687079 ], [ 72.292786510449361, 10.945800712031282 ], [ 72.292237193612266, 10.945800712802619 ], [ 72.291626843289407, 10.945800712596458 ], [ 72.291199596448422, 10.945800712272863 ], [ 72.291016491191954, 10.945800711958112 ], [ 72.290833386900673, 10.945800712450941 ], [ 72.290406140125569, 10.945617606899951 ], [ 72.290223035257014, 10.945190361475598 ], [ 72.289612683759159, 10.944641044191052 ], [ 72.289429579044281, 10.944030693321048 ], [ 72.289429578976964, 10.943420341457509 ], [ 72.289795789693471, 10.942382743473321 ], [ 72.290039929924149, 10.941406181538706 ], [ 72.290223035483379, 10.940612724530963 ], [ 72.290406140244627, 10.939819267611108 ], [ 72.290589246504325, 10.9392089157851 ], [ 72.291199597527935, 10.938598564588114 ], [ 72.291993053753217, 10.937988212802665 ], [ 72.292420300591061, 10.937622001080394 ], [ 72.292603404843717, 10.937194755179162 ], [ 72.292603405599621, 10.93682854444441 ], [ 72.292420300465793, 10.936584404547842 ], [ 72.291993053901578, 10.936584404474541 ], [ 72.291626844004924, 10.936401298840227 ], [ 72.291199597647136, 10.936035087464123 ], [ 72.290589246846196, 10.935790947561909 ], [ 72.290039929726817, 10.935607841638848 ], [ 72.289429579528132, 10.935424736375605 ], [ 72.288819227612549, 10.935424736208592 ], [ 72.288208877514847, 10.935424736608391 ], [ 72.28741542074205, 10.935607841291253 ], [ 72.286805069384968, 10.935790946968424 ], [ 72.286011613272038, 10.936035087027127 ], [ 72.285584367112165, 10.936035087127294 ], [ 72.285218156490984, 10.936218193382622 ], [ 72.284790910858405, 10.936401297967201 ], [ 72.284607806207674, 10.936828544387797 ], [ 72.284607806058176, 10.937194754993477 ], [ 72.284790910417357, 10.937988211945111 ], [ 72.28503505154417, 10.938598563948259 ], [ 72.285218156487772, 10.939208915271875 ], [ 72.285401261972865, 10.940185477624247 ], [ 72.285828507232097, 10.940795829289671 ], [ 72.28601161207834, 10.941589286226336 ], [ 72.286194718171501, 10.942382742970038 ], [ 72.286194718417434, 10.94299309522577 ], [ 72.2864388582136, 10.944396903710006 ], [ 72.286805068960959, 10.945190360812308 ], [ 72.286988174152356, 10.945983817816789 ], [ 72.287232314310614, 10.946594169445714 ], [ 72.287598525199002, 10.947021414721576 ], [ 72.287842665429409, 10.947021415135223 ], [ 72.288208876540622, 10.946594169202619 ], [ 72.288819227250272, 10.94622795853752 ], [ 72.289002332689392, 10.94622795864124 ], [ 72.289429578759368, 10.946227958139836 ], [ 72.290039929372426, 10.94622795822977 ], [ 72.290589245800831, 10.946227958586995 ], [ 72.290833386275935, 10.946227958707645 ], [ 72.291809947885767, 10.946227958035125 ], [ 72.292237193288784, 10.946227958774051 ], [ 72.29260340470853, 10.945983818666667 ], [ 72.293213756484519, 10.946227958819819 ], [ 72.293396860580984, 10.945983818822963 ], [ 72.293396860718417, 10.94580071249578 ], [ 72.293213756254758, 10.945800712687079 ] ] ], [ [ [ 72.324829945590039, 10.949584893986973 ], [ 72.32403648884906, 10.949035577974531 ], [ 72.323243031179601, 10.948242119905538 ], [ 72.3220223292725, 10.947204523500682 ], [ 72.32122887245697, 10.94641106589981 ], [ 72.320435416445605, 10.945800714578994 ], [ 72.319825066261416, 10.945434503467482 ], [ 72.318604363453872, 10.944824152092965 ], [ 72.317627801919556, 10.94421380002888 ], [ 72.31659020426963, 10.94378655399025 ], [ 72.316223994468857, 10.943420342806084 ], [ 72.315613642643513, 10.943237237835778 ], [ 72.315186397387336, 10.943420343284703 ], [ 72.315186397028143, 10.943603448763779 ], [ 72.315186397484837, 10.943786554269165 ], [ 72.315186396858522, 10.944396905913376 ], [ 72.315186397190359, 10.944824152105754 ], [ 72.315186396723306, 10.945434502915143 ], [ 72.31518639667776, 10.945800713959954 ], [ 72.3151863972314, 10.946227960211116 ], [ 72.315186397321398, 10.946594171285211 ], [ 72.315186396682549, 10.947204523078799 ], [ 72.315613642880038, 10.947997980236337 ], [ 72.315796747443699, 10.94860833055211 ], [ 72.316407098945206, 10.94903557780078 ], [ 72.317017450144107, 10.94940178781529 ], [ 72.317200554906563, 10.949584894268554 ], [ 72.317627800695576, 10.949584893643156 ], [ 72.31823815245545, 10.949584893600562 ], [ 72.318604363766184, 10.949584893864614 ], [ 72.319397819442656, 10.949584893991833 ], [ 72.320191276181077, 10.949829034920239 ], [ 72.32098473295602, 10.949829034826667 ], [ 72.321595083072864, 10.949829035247562 ], [ 72.322388539905674, 10.949829034919532 ], [ 72.323426137182622, 10.950195244963563 ], [ 72.324829944825467, 10.950439386631276 ], [ 72.325623401936525, 10.950805597636755 ], [ 72.326233752573586, 10.950988703173554 ], [ 72.326599962581597, 10.951232843280897 ], [ 72.326783068528556, 10.951232843457737 ], [ 72.327027209029836, 10.951232843194775 ], [ 72.327027208181931, 10.950988703226301 ], [ 72.326599962996369, 10.950988703607596 ], [ 72.326233752495213, 10.950622492644078 ], [ 72.325440295786649, 10.950195245471624 ], [ 72.324829945590039, 10.949584893986973 ] ] ], [ [ [ 72.331787947520269, 10.950622492952137 ], [ 72.331604842882584, 10.950439386739061 ], [ 72.331421737044039, 10.950439387265677 ], [ 72.330994490769044, 10.950439386576164 ], [ 72.3308113861235, 10.950439386754191 ], [ 72.330628280453112, 10.950622493149963 ], [ 72.33038414008, 10.950988703939965 ], [ 72.330201034413747, 10.951232843534449 ], [ 72.330201034459449, 10.951415949716207 ], [ 72.330384140361218, 10.951415949505952 ], [ 72.330811385664575, 10.951415949411945 ], [ 72.330994490527218, 10.951599054438251 ], [ 72.331238632074218, 10.951599054484454 ], [ 72.331421736745611, 10.951599054566184 ], [ 72.331787947239818, 10.951782160430644 ], [ 72.33221519305296, 10.952209407108633 ], [ 72.332642439957567, 10.952392511632551 ], [ 72.333008649479339, 10.952636652455112 ], [ 72.333435895767749, 10.952636652526897 ], [ 72.333435895778706, 10.952392512249162 ], [ 72.333191755443295, 10.952026301172046 ], [ 72.33319175526529, 10.95178216104976 ], [ 72.33300864981932, 10.95159905451087 ], [ 72.332642439994913, 10.951599055314528 ], [ 72.332398299270523, 10.951232843894761 ], [ 72.332032088076957, 10.950988703933715 ], [ 72.331787947520269, 10.950622492952137 ] ] ], [ [ [ 72.334229352252507, 10.953185969330686 ], [ 72.333985211326706, 10.953002863809045 ], [ 72.33398521142739, 10.952819757676487 ], [ 72.333802106613803, 10.952819757749175 ], [ 72.333619000651069, 10.95300286364319 ], [ 72.333619001162603, 10.95318596873504 ], [ 72.33380210678267, 10.953430110378012 ], [ 72.333802107228848, 10.953613214663196 ], [ 72.333619001262221, 10.953796321104084 ], [ 72.333435896007728, 10.95379632049081 ], [ 72.33343589599626, 10.954040460798272 ], [ 72.333191755543183, 10.954040461142077 ], [ 72.332825544649694, 10.954223566449508 ], [ 72.332642439448975, 10.95422356693552 ], [ 72.332825544258256, 10.954589777703053 ], [ 72.333008648868201, 10.954833918212209 ], [ 72.333191755530251, 10.954833917815566 ], [ 72.333435895743619, 10.954833917945475 ], [ 72.33380210679114, 10.954833918225589 ], [ 72.333985212054984, 10.954589777528675 ], [ 72.334229352537079, 10.954589777749449 ], [ 72.334229352705194, 10.954833917664631 ], [ 72.334412457301866, 10.955017023699291 ], [ 72.334595562880054, 10.955017024263674 ], [ 72.334595563096087, 10.954589777693082 ], [ 72.334595563019334, 10.954223566607601 ], [ 72.334595563218613, 10.953796320960736 ], [ 72.334412457718855, 10.953613214610977 ], [ 72.334229352252507, 10.953185969330686 ] ] ], [ [ [ 72.334229351818479, 10.956787043371623 ], [ 72.334229351968233, 10.957397395067414 ], [ 72.334229352570759, 10.95782464137744 ], [ 72.333985211484205, 10.958190851613146 ], [ 72.333985210882773, 10.958434993224223 ], [ 72.333985211737911, 10.958618097683877 ], [ 72.333985211547358, 10.95880120390596 ], [ 72.333985211294461, 10.95898430923442 ], [ 72.334229351946448, 10.958984308542334 ], [ 72.334412457270801, 10.95898430922664 ], [ 72.334412457255013, 10.95880120369641 ], [ 72.334839702546432, 10.958434993200044 ], [ 72.335022808423545, 10.958190851905783 ], [ 72.335205913324558, 10.957641535885495 ], [ 72.335389019347886, 10.957214288747117 ], [ 72.335389019921934, 10.956787043054026 ], [ 72.335389019136784, 10.956420832052535 ], [ 72.335205913208981, 10.956237727278582 ], [ 72.334839702941252, 10.955993586302506 ], [ 72.334412457394095, 10.955993585643665 ], [ 72.334229352282222, 10.956237727158634 ], [ 72.334229352664778, 10.956603937984188 ], [ 72.334229351818479, 10.956787043371623 ] ] ], [ [ [ 72.188233302491767, 11.598632733271979 ], [ 72.187806056614036, 11.598388593130723 ], [ 72.187012600107209, 11.598388593543048 ], [ 72.186585354756701, 11.598388593178981 ], [ 72.186402248839158, 11.598632733457215 ], [ 72.186402248451799, 11.598815839519258 ], [ 72.186219143322148, 11.598998944071257 ], [ 72.186219143989902, 11.59942619142244 ], [ 72.186219144024733, 11.599609296533281 ], [ 72.186036037828686, 11.600036541735017 ], [ 72.18579189767452, 11.600585857975659 ], [ 72.185425687056508, 11.601013105341465 ], [ 72.185242580923585, 11.601196210485059 ], [ 72.184998441115681, 11.601440351178795 ], [ 72.185242581202814, 11.601623455978206 ], [ 72.185425687432812, 11.601806562382761 ], [ 72.185608791878948, 11.601806562120098 ], [ 72.185791897319049, 11.60180656176656 ], [ 72.186219143620477, 11.601806562564917 ], [ 72.186402248446015, 11.60180656178767 ], [ 72.187012599619678, 11.601440351229121 ], [ 72.187195704523717, 11.601440351549458 ], [ 72.187622950451228, 11.60119621021807 ], [ 72.188233302343079, 11.601013105485515 ], [ 72.188599512861884, 11.600585858550884 ], [ 72.189026758769657, 11.60040275353872 ], [ 72.189392969116184, 11.600219648349858 ], [ 72.18982021542962, 11.599426191467437 ], [ 72.19000331997141, 11.599182050717609 ], [ 72.190186426007358, 11.598815839591628 ], [ 72.190186425626834, 11.598632733563507 ], [ 72.189637109571919, 11.598388593233011 ], [ 72.189209863310083, 11.598632733779663 ], [ 72.188599513321165, 11.598632733212236 ], [ 72.188233302491767, 11.598632733271979 ] ] ], [ [ [ 72.710388754616531, 11.683593701035688 ], [ 72.710205648409357, 11.683410596475699 ], [ 72.710205648341073, 11.683227490287926 ], [ 72.710022543320846, 11.68298334961883 ], [ 72.709839437677275, 11.682800244364669 ], [ 72.709595297476213, 11.682800244129593 ], [ 72.709412192375723, 11.682617137976726 ], [ 72.708801841012942, 11.682189891737407 ], [ 72.708618735561842, 11.682189892041409 ], [ 72.708435630192966, 11.682189892226258 ], [ 72.708191489535409, 11.682189891980144 ], [ 72.707642174224503, 11.68218989223741 ], [ 72.706787680927903, 11.682189891972703 ], [ 72.705994224401991, 11.682189891703377 ], [ 72.705628014181684, 11.682189892063111 ], [ 72.705383874099397, 11.682617137622966 ], [ 72.705383873592737, 11.68298334940345 ], [ 72.705628013672978, 11.683410595746492 ], [ 72.705628013849662, 11.68402094674898 ], [ 72.705994224709798, 11.684387157655284 ], [ 72.706238365511751, 11.684631298649972 ], [ 72.706787681276722, 11.684631298976836 ], [ 72.707031821539786, 11.684631299166561 ], [ 72.707214927060051, 11.684631299176347 ], [ 72.707398032923635, 11.684814404074123 ], [ 72.707825278226522, 11.684997510474396 ], [ 72.708008383181863, 11.685241650454879 ], [ 72.708618735303546, 11.685790967135706 ], [ 72.709229087199446, 11.687194775175437 ], [ 72.709839437618015, 11.690612744344355 ], [ 72.710388754044999, 11.692382762832329 ], [ 72.710999104446671, 11.693603467269408 ], [ 72.712036702072737, 11.695800732262954 ], [ 72.712830158837193, 11.697204541374285 ], [ 72.713440509164982, 11.698425244003751 ], [ 72.713623614516891, 11.699584911887925 ], [ 72.713989825689183, 11.700622510252352 ], [ 72.715027422500881, 11.70202631839331 ], [ 72.716003984222382, 11.70318598629345 ], [ 72.716431230471372, 11.703796338509795 ], [ 72.716797441238072, 11.702209424670903 ], [ 72.717041582385377, 11.700988721044851 ], [ 72.717224687802684, 11.69738764638879 ], [ 72.71722468734167, 11.694396924327952 ], [ 72.716797442069534, 11.693237256401225 ], [ 72.71600398548469, 11.691589306628483 ], [ 72.714417071761375, 11.689636181341758 ], [ 72.713196369646042, 11.68798823222488 ], [ 72.712830159385732, 11.687438915936651 ], [ 72.712586017952731, 11.687194775324082 ], [ 72.712219807646164, 11.686401318720929 ], [ 72.711609457021069, 11.685424756160355 ], [ 72.710632894554919, 11.684204052920304 ], [ 72.710632894540282, 11.684020947434792 ], [ 72.71038875458909, 11.684020947210399 ], [ 72.710388754653451, 11.683837841834654 ], [ 72.710388754616531, 11.683593701035688 ] ] ], [ [ [ 71.6564412680884, 11.988819871529873 ], [ 71.750601190428739, 11.923029882558557 ], [ 71.690551255471632, 11.849309876177811 ], [ 71.6564412680884, 11.988819871529873 ] ] ], [ [ [ 71.87389104744382, 12.226289891788781 ], [ 71.815191100896698, 12.185079886904116 ], [ 71.782491120001808, 12.24592988353487 ], [ 71.845451046706131, 12.413419888349109 ], [ 71.881971020214365, 12.398139891922154 ], [ 71.87389104744382, 12.226289891788781 ] ] ], [ [ [ 73.077820376045125, 8.316833469686868 ], [ 73.076599673942212, 8.314819310359567 ], [ 73.075440006426575, 8.312988254893405 ], [ 73.074219304221245, 8.311035129764536 ], [ 73.073242741746682, 8.309020970150168 ], [ 73.07183893401205, 8.307189915382033 ], [ 73.071228582632997, 8.304992650374656 ], [ 73.070190986220993, 8.302795383590864 ], [ 73.06982477527761, 8.300598119077909 ], [ 73.069397529535038, 8.298400852782782 ], [ 73.069031318706763, 8.296020482330581 ], [ 73.068420967841334, 8.293395970137333 ], [ 73.068787178165351, 8.292602513072529 ], [ 73.069397530125727, 8.292236302 ], [ 73.06982477629073, 8.291381810092227 ], [ 73.069397530376037, 8.288391086536551 ], [ 73.069397530233744, 8.286010715744769 ], [ 73.069397530617181, 8.283813450715302 ], [ 73.068787178497274, 8.281982395857019 ], [ 73.067017160708815, 8.280029270651474 ], [ 73.064392650363018, 8.277587865140402 ], [ 73.060608471914563, 8.274841282812295 ], [ 73.059021558989599, 8.272827122059612 ], [ 73.05578669742259, 8.269836399303585 ], [ 73.053589432605349, 8.267394993296348 ], [ 73.051636309194393, 8.265197727751323 ], [ 73.050232501482739, 8.263793918478525 ], [ 73.048828693116178, 8.262390110747672 ], [ 73.04742488456759, 8.262023899368533 ], [ 73.045837971468757, 8.261596653236687 ], [ 73.045227620946051, 8.261596653109004 ], [ 73.043030356007179, 8.261230441984273 ], [ 73.040588951533906, 8.261230442344409 ], [ 73.038391686726044, 8.261840792783776 ], [ 73.036438562291565, 8.262634250219035 ], [ 73.033997157296895, 8.262817356219134 ], [ 73.031799892506498, 8.263183567241407 ], [ 73.029602628843506, 8.263427707064471 ], [ 73.027405363890082, 8.263610813179405 ], [ 73.024841889067858, 8.264587374870088 ], [ 73.020813569882733, 8.266601534435171 ], [ 73.020203219103578, 8.268798800241246 ], [ 73.020020113600737, 8.26898190655073 ], [ 73.019592867672287, 8.269409152767306 ], [ 73.018799410742986, 8.270019503982473 ], [ 73.01879941120626, 8.270202609967845 ], [ 73.018799411465892, 8.27124020695026 ], [ 73.018433199736805, 8.272582980943119 ], [ 73.018005954070063, 8.27423093005206 ], [ 73.017822849566087, 8.274841282058164 ], [ 73.017639743272582, 8.275207492736726 ], [ 73.017639743596988, 8.275390597368091 ], [ 73.017822849604201, 8.27563473876069 ], [ 73.01800595393712, 8.275817843226189 ], [ 73.018189059910711, 8.275817843825831 ], [ 73.018433199848019, 8.275817843864951 ], [ 73.01879941069204, 8.27563473852223 ], [ 73.018982516704483, 8.275390597195038 ], [ 73.019409762535403, 8.27502438643503 ], [ 73.019592867330203, 8.274841281430342 ], [ 73.020020113282413, 8.274597140847954 ], [ 73.020386324104919, 8.274597140757045 ], [ 73.020813569781978, 8.274414035111672 ], [ 73.020996675757019, 8.27423092949391 ], [ 73.021423922035311, 8.273803683279267 ], [ 73.021607026582288, 8.273193332021076 ], [ 73.021790132538825, 8.272827120561315 ], [ 73.02179013240999, 8.272582981088318 ], [ 73.022034272300417, 8.272399874959619 ], [ 73.022217377845081, 8.272033663486571 ], [ 73.022217377876771, 8.271789523780093 ], [ 73.02203427207543, 8.271789524153366 ], [ 73.021790132337657, 8.272033663704583 ], [ 73.021423921659434, 8.272399874437795 ], [ 73.020996676106066, 8.272582980351192 ], [ 73.020813570129917, 8.273010226472485 ], [ 73.02063046528535, 8.273193331567203 ], [ 73.020203219339507, 8.273620577606234 ], [ 73.020020112982763, 8.27380368365027 ], [ 73.019592867453341, 8.274230929594069 ], [ 73.019409762318276, 8.27441403485021 ], [ 73.019226656992018, 8.274597140754787 ], [ 73.018982516472789, 8.274597141014757 ], [ 73.018799411334783, 8.274414034426037 ], [ 73.018799410929034, 8.274230929300602 ], [ 73.018799410866791, 8.27398678884677 ], [ 73.018982516527657, 8.27380368397467 ], [ 73.019409762781805, 8.273437472547505 ], [ 73.019592867663292, 8.273010226871016 ], [ 73.019837008041165, 8.272582980511933 ], [ 73.020020113189233, 8.272216769362553 ], [ 73.020386324399738, 8.271789523682866 ], [ 73.021607027013374, 8.270996067056808 ], [ 73.022400482949877, 8.270812960499359 ], [ 73.023438080533083, 8.270812960685509 ], [ 73.025208099760178, 8.270629856177742 ], [ 73.028198820649692, 8.270629855767341 ], [ 73.028992276486804, 8.270629855912789 ], [ 73.033020595909449, 8.27178952358932 ], [ 73.033630946076258, 8.271789523647971 ], [ 73.034241298020888, 8.271789523670414 ], [ 73.03698787909066, 8.272033663976732 ], [ 73.037842370538215, 8.272033664276687 ], [ 73.039429284022404, 8.271789524545568 ], [ 73.040222739874423, 8.271789524316382 ], [ 73.042603109853374, 8.272582980935468 ], [ 73.04461726911407, 8.273193331996627 ], [ 73.046631427817502, 8.274414034952464 ], [ 73.047607990638753, 8.275207493568402 ], [ 73.048218341278798, 8.275817844230446 ], [ 73.048584551496219, 8.276184055188059 ], [ 73.04980525445302, 8.277038547077407 ], [ 73.052185625362654, 8.27899167226388 ], [ 73.054199784142213, 8.280639621600955 ], [ 73.055786697024317, 8.281799290023034 ], [ 73.057190504578884, 8.283996555860494 ], [ 73.057983961233262, 8.286010715502456 ], [ 73.05920466441863, 8.287597629545074 ], [ 73.059998120628435, 8.28918454386022 ], [ 73.061829174229217, 8.291625950374414 ], [ 73.063599192743098, 8.293640111206541 ], [ 73.064392649829486, 8.294982883914845 ], [ 73.064819894747458, 8.296020482122847 ], [ 73.065003000156167, 8.297607395413841 ], [ 73.065186105555753, 8.29919431009974 ], [ 73.065796456909709, 8.301635716049635 ], [ 73.066040597641845, 8.302612279122133 ], [ 73.067200264314721, 8.304992649873576 ], [ 73.067810616342086, 8.306823703993894 ], [ 73.06823786231999, 8.307800266786572 ], [ 73.068604072759769, 8.308837864841916 ], [ 73.069824774967344, 8.31103512972337 ], [ 73.071228582553744, 8.3135986070721 ], [ 73.073242741221549, 8.317016575756375 ], [ 73.074219304152621, 8.31939694685034 ], [ 73.07482965523937, 8.320434544169187 ], [ 73.075989323056874, 8.322021458448283 ], [ 73.077210025174523, 8.323242161112379 ], [ 73.077637271087369, 8.323425267144058 ], [ 73.077647235504188, 8.323544845685285 ], [ 73.077820375400648, 8.325622532810177 ], [ 73.07922418369715, 8.327636692778761 ], [ 73.080994201836305, 8.328796361190234 ], [ 73.081238343449314, 8.32739255247605 ], [ 73.080994202018601, 8.325012181223739 ], [ 73.080994202771521, 8.322814915210394 ], [ 73.080017640770009, 8.320617650016091 ], [ 73.078796938368129, 8.318786594933995 ], [ 73.077820376045125, 8.316833469686868 ] ], [ [ 73.066834053750597, 8.296203586471325 ], [ 73.06738336956326, 8.298400852427482 ], [ 73.068237862430848, 8.300598119297478 ], [ 73.068787178395681, 8.302795384049022 ], [ 73.069641669646899, 8.304992649911698 ], [ 73.070190985739202, 8.307189915246488 ], [ 73.070984442969589, 8.309387180561925 ], [ 73.072022039219846, 8.311401341218634 ], [ 73.072998601367047, 8.31341550116111 ], [ 73.074585514874329, 8.315185521285027 ], [ 73.075623112216178, 8.317199681442434 ], [ 73.07659967400707, 8.319213841490685 ], [ 73.077820376069099, 8.321228001247595 ], [ 73.077638449259055, 8.322986637244282 ], [ 73.077637270596412, 8.322998020623597 ], [ 73.077393130463676, 8.322814914759357 ], [ 73.076233462459953, 8.321594212096606 ], [ 73.07544000646844, 8.320190404467887 ], [ 73.07458551428158, 8.318420384099754 ], [ 73.073425847216583, 8.316040012944883 ], [ 73.070007880507589, 8.309997533066795 ], [ 73.069031318840885, 8.307983371644225 ], [ 73.066834053724023, 8.302429173264853 ], [ 73.066589912921302, 8.301025365022277 ], [ 73.066040597872274, 8.299621555490409 ], [ 73.066040597553467, 8.298828099269823 ], [ 73.065796456514775, 8.298034641697937 ], [ 73.066040597178301, 8.297424290188012 ], [ 73.066040597162754, 8.296630833159949 ], [ 73.065796456569075, 8.295410129395382 ], [ 73.0656133523145, 8.293395970032211 ], [ 73.065430246247118, 8.292236302182799 ], [ 73.065430245898071, 8.291992160717308 ], [ 73.065796457182358, 8.293029759107712 ], [ 73.066589913024345, 8.294006321568508 ], [ 73.066834053750597, 8.296203586471325 ] ] ], [ [ [ 73.01544247849975, 8.302001925876024 ], [ 73.015808688823782, 8.30102536355389 ], [ 73.01599179395555, 8.300231906592423 ], [ 73.015991794799334, 8.29943844970059 ], [ 73.015625583549991, 8.299194308501793 ], [ 73.01422177525663, 8.298828097230574 ], [ 73.012390722337614, 8.299194308624676 ], [ 73.01318417886435, 8.300415011712161 ], [ 73.014587986066033, 8.302185031817109 ], [ 73.01544247849975, 8.302001925876024 ] ] ], [ [ [ 73.013611424301246, 8.302001925116334 ], [ 73.013611424213295, 8.302185031821089 ], [ 73.013794529282123, 8.302185031556133 ], [ 73.014038669954985, 8.302001925680853 ], [ 73.013794529265354, 8.302001925666202 ], [ 73.013794529148853, 8.301818820671967 ], [ 73.013611424271247, 8.301818820202993 ], [ 73.013611424301246, 8.302001925116334 ] ] ], [ [ [ 73.6304324231495, 10.067993146908718 ], [ 73.630432423102164, 10.068420392403116 ], [ 73.630615527956863, 10.068420393009099 ], [ 73.630615527898712, 10.068603499063059 ], [ 73.630798633857708, 10.068603498763112 ], [ 73.631042773434231, 10.068603498461302 ], [ 73.631408984824503, 10.068603499051035 ], [ 73.631592090581364, 10.068420392753795 ], [ 73.631592089963775, 10.068237288099708 ], [ 73.631225879124301, 10.067993147194304 ], [ 73.630798633368556, 10.067993146796473 ], [ 73.6304324231495, 10.067993146908718 ] ] ], [ [ [ 73.632812793332704, 10.069641096075935 ], [ 73.632995898036356, 10.06964109579355 ], [ 73.633240039012477, 10.069396956091872 ], [ 73.633240039350468, 10.069030744622264 ], [ 73.632812793171681, 10.068603499181703 ], [ 73.632385546958346, 10.068603498540597 ], [ 73.632385546975271, 10.068786603493553 ], [ 73.632385546990164, 10.069213849884246 ], [ 73.632812793332704, 10.069641096075935 ] ] ], [ [ [ 73.633789354563788, 10.072021466928559 ], [ 73.634216601278965, 10.072021467024131 ], [ 73.634399706102641, 10.072021466870092 ], [ 73.634582812810223, 10.072021466653531 ], [ 73.634826952717617, 10.071594221076703 ], [ 73.634399706811749, 10.071228009788125 ], [ 73.633789354999408, 10.071228009974787 ], [ 73.633606249611105, 10.071411115525017 ], [ 73.633606249671288, 10.071838362176313 ], [ 73.633789354563788, 10.072021466928559 ] ] ], [ [ [ 73.627991016911011, 10.072631818905665 ], [ 73.627807911031482, 10.072204572850547 ], [ 73.627197560190169, 10.071838361390673 ], [ 73.626587208416694, 10.071838361409204 ], [ 73.626220997975423, 10.072204572299546 ], [ 73.62603789249448, 10.072631819125478 ], [ 73.626404104090142, 10.072814924059438 ], [ 73.627014454942724, 10.073425275484396 ], [ 73.627197560917978, 10.073608381193315 ], [ 73.627624806303359, 10.074035627360734 ], [ 73.627991016824296, 10.074035628005632 ], [ 73.628235157335666, 10.074035628206458 ], [ 73.628418263024471, 10.073791486578294 ], [ 73.627991017452587, 10.073608381060499 ], [ 73.627991017449702, 10.073425275992209 ], [ 73.62860136816056, 10.073608380644448 ], [ 73.628601367807732, 10.073425275330065 ], [ 73.628418262960452, 10.072998029665065 ], [ 73.627991016911011, 10.072631818905665 ] ] ], [ [ [ 73.630432423009609, 10.072998029843067 ], [ 73.630615527970591, 10.073242170101395 ], [ 73.630798633792082, 10.073425275976732 ], [ 73.631042773458105, 10.073608380855775 ], [ 73.631225879784068, 10.073608380478174 ], [ 73.631225879695563, 10.073425275940096 ], [ 73.631225879572838, 10.073242169607852 ], [ 73.631042773878761, 10.07299803026214 ], [ 73.630798633617786, 10.072998030056628 ], [ 73.63079863356468, 10.072814923895885 ], [ 73.630615527886363, 10.072814923455866 ], [ 73.630432423009609, 10.072998029843067 ] ] ], [ [ [ 73.647827436647361, 10.063781721434975 ], [ 73.647827436838455, 10.062988264363602 ], [ 73.647583297202459, 10.061828595802309 ], [ 73.647583296812456, 10.06024168171912 ], [ 73.647400191537301, 10.059020978768794 ], [ 73.647217086308515, 10.058410628228675 ], [ 73.646789840650825, 10.057800276416472 ], [ 73.64599638370845, 10.05718992454034 ], [ 73.645386032031908, 10.056823712891173 ], [ 73.644592574859217, 10.056823712676319 ], [ 73.64343290755086, 10.05664060796134 ], [ 73.642029099667567, 10.056823712614708 ], [ 73.641235642737755, 10.057006818694907 ], [ 73.6401980451311, 10.057617170023542 ], [ 73.639587693216555, 10.058227521692633 ], [ 73.639404588706171, 10.058837874256923 ], [ 73.639404588233006, 10.059631331326129 ], [ 73.64001493899994, 10.06042478770712 ], [ 73.64001493912501, 10.060790998959012 ], [ 73.639587693463682, 10.06158445634517 ], [ 73.639221482652118, 10.062988264197672 ], [ 73.63879423673383, 10.064025861969256 ], [ 73.638183885357563, 10.065002424326872 ], [ 73.63800077979468, 10.066040022315498 ], [ 73.637390428577277, 10.067199690356695 ], [ 73.636596971928157, 10.06823728763875 ], [ 73.635803515240497, 10.069396956034618 ], [ 73.635193163386205, 10.070190412478276 ], [ 73.635193163158064, 10.070617658751511 ], [ 73.6350100583646, 10.070983870097214 ], [ 73.635193163715229, 10.071411116285905 ], [ 73.635620409082691, 10.071411115716813 ], [ 73.636596972368977, 10.070983869631627 ], [ 73.637207322542125, 10.07061765901341 ], [ 73.637817674271062, 10.070190412719557 ], [ 73.638794236536299, 10.070190413016237 ], [ 73.639587692773304, 10.070434553159256 ], [ 73.640442186162858, 10.070800764092557 ], [ 73.64099150184451, 10.071594221248519 ], [ 73.641418747361939, 10.07238767759196 ], [ 73.642029099275078, 10.072814924081351 ], [ 73.642822555846521, 10.073608381446201 ], [ 73.643188766920915, 10.07440183819612 ], [ 73.643616013361708, 10.07519529528772 ], [ 73.643982224258764, 10.075988752855201 ], [ 73.644226363987869, 10.076599104280218 ], [ 73.64440946985458, 10.077636702412345 ], [ 73.644592574214457, 10.078613264064353 ], [ 73.645019820102917, 10.079406721114589 ], [ 73.645630171977416, 10.080993634998292 ], [ 73.645813277232477, 10.082397444420742 ], [ 73.646423629342692, 10.083984358162876 ], [ 73.647217085815328, 10.085815413075025 ], [ 73.647583296748934, 10.087036115704748 ], [ 73.648193646960209, 10.088195784392243 ], [ 73.648193646978086, 10.089233381075584 ], [ 73.648437788584403, 10.090820295282827 ], [ 73.648620893151602, 10.091796857882189 ], [ 73.649231244917715, 10.092834456124406 ], [ 73.649597456208099, 10.093811017762867 ], [ 73.649841597072765, 10.094604475004893 ], [ 73.650207807292432, 10.095214827006783 ], [ 73.650390912972099, 10.096618634973623 ], [ 73.650818158790955, 10.098388655150737 ], [ 73.651001264761334, 10.099792463317151 ], [ 73.651001264690478, 10.101013167453999 ], [ 73.651184368980239, 10.101623517707226 ], [ 73.651428510395718, 10.101623518136901 ], [ 73.651428510027529, 10.101196271813464 ], [ 73.651611614894293, 10.100219710192558 ], [ 73.651611615336435, 10.099609358251209 ], [ 73.651428510509135, 10.098022444207906 ], [ 73.651184369443854, 10.096435530577745 ], [ 73.650207807381676, 10.093383772544369 ], [ 73.650024702141764, 10.092590315278514 ], [ 73.649597455509678, 10.091186505695404 ], [ 73.64959745636223, 10.089782698371508 ], [ 73.649231244956709, 10.088439923873214 ], [ 73.649231245177404, 10.087036115988562 ], [ 73.649231244942612, 10.086425763854338 ], [ 73.648987104114994, 10.085632307194922 ], [ 73.648803999540959, 10.084838850081018 ], [ 73.64843778860957, 10.083190901519043 ], [ 73.648010542619133, 10.082214338433543 ], [ 73.647827436547942, 10.080993634835281 ], [ 73.647583296464148, 10.079223616132742 ], [ 73.647400190776992, 10.077819807435329 ], [ 73.647400190713398, 10.077026349732593 ], [ 73.647217085923003, 10.076232893521176 ], [ 73.647400190997971, 10.07482908494514 ], [ 73.647583296756054, 10.073242169739569 ], [ 73.647583296955844, 10.07220457328234 ], [ 73.647827437335323, 10.070190412971593 ], [ 73.647827437323329, 10.067382795153611 ], [ 73.647827436663917, 10.066589337948109 ], [ 73.648010543179112, 10.065185530306097 ], [ 73.647827436647361, 10.063781721434975 ] ] ], [ [ [ 73.651794721239227, 10.109008771892235 ], [ 73.652038860919049, 10.109191877786321 ], [ 73.652221967190115, 10.109191878340871 ], [ 73.652405071744866, 10.109191877854366 ], [ 73.652588177508591, 10.109008772244024 ], [ 73.652588177764656, 10.108642561264626 ], [ 73.652405072108891, 10.108398420588919 ], [ 73.652221967125953, 10.108398420476966 ], [ 73.652038860406208, 10.108398420221 ], [ 73.65179472094583, 10.108825667149741 ], [ 73.651794721239227, 10.109008771892235 ] ] ], [ [ [ 73.661621377242824, 10.147582991203771 ], [ 73.661987587817066, 10.146606428265994 ], [ 73.662597938640928, 10.145385725589025 ], [ 73.663025185085132, 10.144836409457229 ], [ 73.66339139582989, 10.143188460623053 ], [ 73.664001747564427, 10.141784651124038 ], [ 73.664184852362084, 10.140991194541909 ], [ 73.664184852982373, 10.139404280517542 ], [ 73.663818641493819, 10.138183577037585 ], [ 73.663391395767363, 10.136230452466945 ], [ 73.663208291091792, 10.135436995764209 ], [ 73.662842080732119, 10.134216292500259 ], [ 73.662414834831765, 10.133239728880834 ], [ 73.661987588433263, 10.132019026113106 ], [ 73.661621377820779, 10.130432112683003 ], [ 73.661194131999565, 10.129638654893665 ], [ 73.660827921155359, 10.129211408965467 ], [ 73.660400674905532, 10.129028303167708 ], [ 73.660034464537532, 10.129028303159297 ], [ 73.65979032354339, 10.129028303202047 ], [ 73.659790322934683, 10.12921140938629 ], [ 73.660400675020071, 10.129638655565628 ], [ 73.660827921178978, 10.130187971543984 ], [ 73.66082792095095, 10.131408673917795 ], [ 73.661011025848907, 10.132385237479932 ], [ 73.661194131469557, 10.133422834948108 ], [ 73.661621377854217, 10.13458250301573 ], [ 73.661804482528723, 10.135803206735783 ], [ 73.661987588115977, 10.137023909583863 ], [ 73.662231728342306, 10.138427717463845 ], [ 73.662414834190457, 10.140441878606023 ], [ 73.662231728696511, 10.141784651288622 ], [ 73.66198758823441, 10.143005354168887 ], [ 73.66162137767769, 10.144409163492123 ], [ 73.660827920946815, 10.145812971719236 ], [ 73.660400674421624, 10.147399885047975 ], [ 73.659790322453361, 10.148193342116079 ], [ 73.659424112173696, 10.149597151201927 ], [ 73.659241006801793, 10.150634749237421 ], [ 73.659241006792143, 10.151611311165194 ], [ 73.658996866205868, 10.152404768671417 ], [ 73.658630654812754, 10.153198225212149 ], [ 73.658386513849365, 10.153625471465608 ], [ 73.658203409188204, 10.153198225405596 ], [ 73.658386514396113, 10.152832014374923 ], [ 73.658386514461114, 10.15240476804747 ], [ 73.658020303829844, 10.152221663412593 ], [ 73.657837197817486, 10.152404768545933 ], [ 73.657593057577259, 10.152832013884035 ], [ 73.657593056812956, 10.153625471429244 ], [ 73.657837198057123, 10.154418928559553 ], [ 73.658203409000507, 10.154785139039763 ], [ 73.658996865794634, 10.155212385523477 ], [ 73.659607217509787, 10.155212385018773 ], [ 73.660034463736551, 10.155029280086451 ], [ 73.660217568832479, 10.154602034135744 ], [ 73.660400674488486, 10.153991682046167 ], [ 73.660400674241814, 10.153015120309604 ], [ 73.660827920214757, 10.151611311283292 ], [ 73.66101102510504, 10.150390608621988 ], [ 73.661194131126109, 10.14923094002477 ], [ 73.661621377242824, 10.147582991203771 ] ] ], [ [ [ 73.670593526549936, 10.816589337751557 ], [ 73.671203877421121, 10.816833478760648 ], [ 73.671997334350451, 10.816833478801058 ], [ 73.672790790771757, 10.816589337350495 ], [ 73.674011493350633, 10.81658933743949 ], [ 73.674988056928157, 10.816589337909482 ], [ 73.675415302583758, 10.816406233012385 ], [ 73.676025654475808, 10.816223127495626 ], [ 73.676391864849109, 10.816040021610148 ], [ 73.677185321949594, 10.816406232914673 ], [ 73.677795672631731, 10.81683347836449 ], [ 73.678589129624896, 10.816833478873006 ], [ 73.679199481648197, 10.816833478810382 ], [ 73.679809832645702, 10.816833478375633 ], [ 73.680420184359377, 10.8165893379204 ], [ 73.681030535422948, 10.81640623305031 ], [ 73.681640886447965, 10.816223127364685 ], [ 73.6832278000375, 10.816406233243328 ], [ 73.684387468063875, 10.816406232587594 ], [ 73.68560817111269, 10.816223128184362 ], [ 73.686218522663353, 10.816223128268566 ], [ 73.686584733619597, 10.816223127722067 ], [ 73.687011979314818, 10.816223127854252 ], [ 73.687195084607751, 10.816223127595791 ], [ 73.687622330573873, 10.816406232818823 ], [ 73.687988541015073, 10.816406232477304 ], [ 73.688415787466838, 10.816589337945736 ], [ 73.688781997836188, 10.816589337669226 ], [ 73.689026138827401, 10.816589338151188 ], [ 73.690613052950837, 10.816589337718892 ], [ 73.691223404394492, 10.816589337931674 ], [ 73.691833755718349, 10.81658933779406 ], [ 73.692627211713045, 10.816406233156712 ], [ 73.694214126055854, 10.816589337661403 ], [ 73.695434828023593, 10.816406232923715 ], [ 73.696411391235046, 10.816406233091495 ], [ 73.697998304496565, 10.816223127808515 ], [ 73.699402112769022, 10.816223127690522 ], [ 73.70019556911268, 10.816040021928181 ], [ 73.70098902700984, 10.815612775869768 ], [ 73.70141627310197, 10.815185530063172 ], [ 73.701599377933306, 10.814636213613925 ], [ 73.701599377587144, 10.814025862073246 ], [ 73.701416273235253, 10.813598615787534 ], [ 73.701416272829505, 10.813415509945656 ], [ 73.701416273234869, 10.813232405022072 ], [ 73.701416272766778, 10.812988264503758 ], [ 73.701233167432662, 10.812622053314962 ], [ 73.700805921119468, 10.812438947761869 ], [ 73.700195569347031, 10.811828595769725 ], [ 73.699829359909032, 10.811584456047417 ], [ 73.699035902271106, 10.811218245227959 ], [ 73.698791762144225, 10.811401349715657 ], [ 73.697998305277281, 10.81121824536133 ], [ 73.696411390981979, 10.810790999020945 ], [ 73.695617934646449, 10.810607892991495 ], [ 73.694641372127592, 10.810241682200306 ], [ 73.693786880321994, 10.809814435735111 ], [ 73.692810317931688, 10.809631330799801 ], [ 73.692627211897459, 10.809631330719457 ], [ 73.691833755771356, 10.809387189988616 ], [ 73.690185806847509, 10.808837873642227 ], [ 73.687988541238539, 10.807617170167351 ], [ 73.685791276978236, 10.806823712997561 ], [ 73.684204363772054, 10.806030256133466 ], [ 73.683410906500569, 10.805786115945885 ], [ 73.681030534879952, 10.804992659196335 ], [ 73.67980983240362, 10.80480955261911 ], [ 73.67822291878926, 10.804199201864181 ], [ 73.677185322045389, 10.804016095329102 ], [ 73.675598409130828, 10.803832990292991 ], [ 73.674621845547037, 10.803588849942949 ], [ 73.673034932580393, 10.80358884924944 ], [ 73.671631123325071, 10.803832990347869 ], [ 73.670410421047663, 10.803832990793962 ], [ 73.669616963765577, 10.804016095467677 ], [ 73.668640402369405, 10.804199201865252 ], [ 73.667236593417755, 10.804382306889105 ], [ 73.665832785731325, 10.804809552533044 ], [ 73.663635520381391, 10.805419904684513 ], [ 73.662414818323384, 10.806396466175936 ], [ 73.66119411497678, 10.807434064261829 ], [ 73.660827903903993, 10.807983380235441 ], [ 73.660217552733613, 10.80938718917257 ], [ 73.659790306126695, 10.810790998779236 ], [ 73.659607201326665, 10.811828595087428 ], [ 73.659424095127278, 10.81298826346989 ], [ 73.659424095098331, 10.813598615775746 ], [ 73.65960720133387, 10.814208966022276 ], [ 73.65979030672986, 10.815002423544994 ], [ 73.660217551845406, 10.815612775617055 ], [ 73.660583763580519, 10.816223127102267 ], [ 73.661438255230422, 10.816589337183565 ], [ 73.661804465674635, 10.816833478545373 ], [ 73.662842063174736, 10.81701658423313 ], [ 73.66363552010759, 10.817199689150318 ], [ 73.664795188091418, 10.817199689187547 ], [ 73.66540553862977, 10.817199689880105 ], [ 73.666382101715939, 10.81738279415821 ], [ 73.668030049948683, 10.81719968944264 ], [ 73.6690066133134, 10.81719968914471 ], [ 73.669800070240669, 10.817016584833938 ], [ 73.670410421055252, 10.816589337576605 ], [ 73.670593526549936, 10.816589337751557 ] ] ], [ [ [ 72.718628530688619, 11.114990187074076 ], [ 72.718018179181243, 11.115600539608771 ], [ 72.717407828658608, 11.1162108900437 ], [ 72.717407828354879, 11.116821242248953 ], [ 72.716797476281471, 11.117797805326653 ], [ 72.716431265783797, 11.119384719582436 ], [ 72.716431265333256, 11.11981196505203 ], [ 72.716614371637831, 11.120239210911631 ], [ 72.716431265398441, 11.121398878882752 ], [ 72.716614371068189, 11.122192336611572 ], [ 72.716797476067853, 11.123596143893691 ], [ 72.717407827850508, 11.124633742451648 ], [ 72.718201284227149, 11.126403762556302 ], [ 72.718384388741669, 11.127014113128723 ], [ 72.719238880993956, 11.128417922132407 ], [ 72.720215442963536, 11.129638625042157 ], [ 72.720825793822371, 11.130187941243449 ], [ 72.721985460807673, 11.131042433312263 ], [ 72.723023058289854, 11.131835890891692 ], [ 72.723999619769771, 11.132385207301816 ], [ 72.724793076486733, 11.132995558276628 ], [ 72.725586533222426, 11.133239700013691 ], [ 72.726624130733754, 11.134033156907657 ], [ 72.727600693197218, 11.135009719268096 ], [ 72.728394149565631, 11.135436965971284 ], [ 72.729187605769198, 11.135986281459809 ], [ 72.730042098031689, 11.13641352776836 ], [ 72.73040830821742, 11.136596634087839 ], [ 72.73101865928129, 11.136596634161403 ], [ 72.731812115707484, 11.13659663429816 ], [ 72.732788677853748, 11.136413528292252 ], [ 72.733032819172521, 11.136230423006491 ], [ 72.733643169588447, 11.136230423252034 ], [ 72.734009380404359, 11.135986282373219 ], [ 72.734192486712189, 11.135192825385074 ], [ 72.734436626697772, 11.134582474051467 ], [ 72.734436626666096, 11.134216263273869 ], [ 72.734192486779037, 11.132995559354384 ], [ 72.733643170361887, 11.131408645335208 ], [ 72.733215924093727, 11.130432082853451 ], [ 72.732788678418501, 11.129394484835329 ], [ 72.732239363450148, 11.127807571364446 ], [ 72.731201765885373, 11.125427199451048 ], [ 72.730225203332154, 11.124206496882781 ], [ 72.729004500993696, 11.122192336879092 ], [ 72.727234483283979, 11.120239211954953 ], [ 72.726624131515791, 11.119628859976375 ], [ 72.724609972515992, 11.117797805809959 ], [ 72.721985462183937, 11.115600539847479 ], [ 72.720825794758014, 11.114807082341738 ], [ 72.720398549061144, 11.114196730384316 ], [ 72.720215443782266, 11.11383051922245 ], [ 72.720032337974928, 11.113586379250554 ], [ 72.719605092418206, 11.113586379315489 ], [ 72.719421987639691, 11.11401362581765 ], [ 72.718994741295418, 11.114440871531869 ], [ 72.718628530688619, 11.114990187074076 ] ] ], [ [ [ 72.790222725330239, 11.256591753351479 ], [ 72.790039620063226, 11.256225542047913 ], [ 72.790039619242123, 11.255798296228674 ], [ 72.789795480152591, 11.255187944314512 ], [ 72.789612374365788, 11.254821732831378 ], [ 72.789429268824705, 11.25439448666951 ], [ 72.789185128660989, 11.2537841359391 ], [ 72.788818917553982, 11.252807572853653 ], [ 72.788391671254615, 11.252014115986674 ], [ 72.788025460687422, 11.251037553562442 ], [ 72.787598214856487, 11.249999955943107 ], [ 72.786987864679531, 11.248840288073406 ], [ 72.786621653703094, 11.247985796227992 ], [ 72.786011302135975, 11.246826127452184 ], [ 72.7858281968618, 11.246032671260409 ], [ 72.785400951574303, 11.244995073026569 ], [ 72.785034740616524, 11.244201615596609 ], [ 72.784790599613885, 11.243591264682939 ], [ 72.784424389045341, 11.242797808004296 ], [ 72.78424128396756, 11.242187456204329 ], [ 72.783997143112316, 11.241821245020455 ], [ 72.783814038464755, 11.24060054208989 ], [ 72.783630932976237, 11.240234330486491 ], [ 72.783386791400019, 11.23980708469783 ], [ 72.783386792196666, 11.239196732555705 ], [ 72.783020582312361, 11.238586381548515 ], [ 72.782593335696419, 11.237426713692306 ], [ 72.782227124591586, 11.236633256742726 ], [ 72.78198298461659, 11.236022904969385 ], [ 72.781799879104085, 11.235229448180503 ], [ 72.781616774051258, 11.234435991117785 ], [ 72.781433668110878, 11.23382564009121 ], [ 72.781189528507682, 11.233215287828186 ], [ 72.780823317037417, 11.232421831056902 ], [ 72.780640211449096, 11.231811478932798 ], [ 72.780396071695449, 11.231018021601306 ], [ 72.780212965632131, 11.23022456468785 ], [ 72.780212965955016, 11.229614213912079 ], [ 72.780029861329353, 11.229003861834457 ], [ 72.779602615126166, 11.22778315855289 ], [ 72.77941950956513, 11.226806597011734 ], [ 72.778992264046025, 11.226013139744733 ], [ 72.77899226412282, 11.225036576938972 ], [ 72.778809158808301, 11.224182084263834 ], [ 72.778442948245186, 11.223388627316291 ], [ 72.778198807526763, 11.22259517030783 ], [ 72.778198806983056, 11.221984818248956 ], [ 72.778015702533352, 11.221435502703661 ], [ 72.778015702007465, 11.221008256564605 ], [ 72.778015702150697, 11.220397904857411 ], [ 72.777832596888487, 11.219421342469539 ], [ 72.777405350585852, 11.218200639201683 ], [ 72.777039139682742, 11.217224076235095 ], [ 72.776611894247949, 11.216186478725952 ], [ 72.776184648240729, 11.215209916440871 ], [ 72.775635333163279, 11.214233353440031 ], [ 72.775024981443806, 11.213195756422589 ], [ 72.773804278494339, 11.2116088426099 ], [ 72.773010822035602, 11.210632279181285 ], [ 72.772400471007145, 11.209838822816808 ], [ 72.771790119708356, 11.208984330816683 ], [ 72.771240803611462, 11.208007767146107 ], [ 72.770630452489172, 11.207214310632789 ], [ 72.770020101426582, 11.20642085334917 ], [ 72.76959285571877, 11.205383256179944 ], [ 72.769226644720547, 11.204589799430172 ], [ 72.76879939858614, 11.203613236689279 ], [ 72.768433188025085, 11.202209427835086 ], [ 72.768189047862066, 11.201415971005961 ], [ 72.767395591440149, 11.199584916451963 ], [ 72.7672124859875, 11.198791459403443 ], [ 72.767029380988347, 11.197998002083059 ], [ 72.766785240374858, 11.197387649786377 ], [ 72.766785240496233, 11.197021439004756 ], [ 72.766419029636907, 11.196227982618883 ], [ 72.766235924424663, 11.195800735993776 ], [ 72.765991783685223, 11.195007279146253 ], [ 72.765625572580902, 11.194213822380839 ], [ 72.765442468070432, 11.193786576098095 ], [ 72.765015221609744, 11.192199662115662 ], [ 72.764587975774504, 11.191039994246287 ], [ 72.764221765200389, 11.189819290930158 ], [ 72.763794519345865, 11.188598588533473 ], [ 72.763611414240202, 11.186584428339422 ], [ 72.763428308301599, 11.18603511110121 ], [ 72.763184168924823, 11.185241654344571 ], [ 72.763001062636135, 11.184020950850181 ], [ 72.762817958082678, 11.183593704853974 ], [ 72.762634852262977, 11.18298335342903 ], [ 72.762390711892081, 11.182800248506668 ], [ 72.762024501368103, 11.182617142036461 ], [ 72.761841395581513, 11.182617141833694 ], [ 72.761597255549759, 11.182617142007228 ], [ 72.761597255559124, 11.182800248109872 ], [ 72.762024501439598, 11.183227494245145 ], [ 72.762390711788299, 11.183593705010829 ], [ 72.762390712197757, 11.183837845770775 ], [ 72.762634852126581, 11.184204056961597 ], [ 72.762817957791157, 11.184814408066151 ], [ 72.762817958056459, 11.18542475972456 ], [ 72.762817957583621, 11.185607865480835 ], [ 72.763184168022718, 11.187438920200236 ], [ 72.763184168191387, 11.18823237666907 ], [ 72.763184168702949, 11.188598587719111 ], [ 72.763184168514314, 11.189208939163537 ], [ 72.763001062464255, 11.190185501680144 ], [ 72.763184167780182, 11.19103999365614 ], [ 72.763184168007513, 11.191833451231865 ], [ 72.763428307690219, 11.192993119045086 ], [ 72.763611414029214, 11.193603471389876 ], [ 72.76403865965591, 11.194641068100051 ], [ 72.764404870396163, 11.195983842289403 ], [ 72.764587975585059, 11.196838334561274 ], [ 72.764832115647962, 11.197814896132551 ], [ 72.76519832680583, 11.198608353051553 ], [ 72.765625572291427, 11.199218704824203 ], [ 72.765991783057487, 11.200195267233308 ], [ 72.766419029139357, 11.201232865263796 ], [ 72.76678524021645, 11.202026321769921 ], [ 72.76721248598696, 11.203002885658 ], [ 72.767395591037427, 11.203430131476942 ], [ 72.767639731701863, 11.204223587892852 ], [ 72.76782283741484, 11.204833939044555 ], [ 72.768005941910914, 11.205200149826661 ], [ 72.768189047736698, 11.205993607400069 ], [ 72.768433187469896, 11.206603959534094 ], [ 72.768616294079038, 11.207214310678346 ], [ 72.768799398806919, 11.207824662205232 ], [ 72.76922664435159, 11.208618119721542 ], [ 72.769592854638773, 11.209594681983722 ], [ 72.769836995487097, 11.210632279261411 ], [ 72.770386311525982, 11.211791947284217 ], [ 72.770630452145724, 11.212585403934749 ], [ 72.770813557037542, 11.21343989675861 ], [ 72.771240803107133, 11.214599564421796 ], [ 72.771790119609804, 11.215820267649981 ], [ 72.772034259585169, 11.216613725552826 ], [ 72.772217365692768, 11.217040971366053 ], [ 72.7722173652013, 11.217407181966692 ], [ 72.772217364926632, 11.218200639070174 ], [ 72.772400470363479, 11.218810990620144 ], [ 72.772583576045434, 11.219604447658485 ], [ 72.773010821427462, 11.220214799488664 ], [ 72.77319392633828, 11.22100825614376 ], [ 72.77343806733019, 11.221618607048194 ], [ 72.773621172626278, 11.221984818686511 ], [ 72.773804278081968, 11.223022415995327 ], [ 72.773987382739364, 11.223815873189015 ], [ 72.774414628426143, 11.225036576089533 ], [ 72.774841875888072, 11.226440385272825 ], [ 72.775208085989462, 11.227600053679 ], [ 72.775635331677307, 11.228637650523716 ], [ 72.77563533198871, 11.229186967293979 ], [ 72.775818436949649, 11.230041459885173 ], [ 72.776184648042175, 11.231201127745624 ], [ 72.776611893082219, 11.232604935204565 ], [ 72.776794999501931, 11.233825639560493 ], [ 72.777222244747719, 11.234985307127024 ], [ 72.777588455583626, 11.236389115928576 ], [ 72.777832595212516, 11.237182572920174 ], [ 72.77801570144274, 11.237609818661289 ], [ 72.778198806005136, 11.238220170533399 ], [ 72.778442947498633, 11.239013627552412 ], [ 72.778626051978421, 11.239623978632878 ], [ 72.778809158206627, 11.240234330195511 ], [ 72.778992262683275, 11.241027787539801 ], [ 72.779236403827383, 11.241638139811403 ], [ 72.779419508760313, 11.242431596580785 ], [ 72.779785719176715, 11.243225053613321 ], [ 72.780029860196336, 11.243835405005473 ], [ 72.780640210427478, 11.244995072913797 ], [ 72.781006421841568, 11.245788529443074 ], [ 72.781799877844463, 11.247436479065152 ], [ 72.781982983533837, 11.247985795849459 ], [ 72.782593335016642, 11.249023392676742 ], [ 72.783020581179414, 11.250183060559532 ], [ 72.783386790701755, 11.251037553587848 ], [ 72.783630932012102, 11.251586869759546 ], [ 72.783997142767475, 11.252197221854741 ], [ 72.784424388150413, 11.253417924563806 ], [ 72.784790599392281, 11.254394486497707 ], [ 72.785400951302478, 11.255615189597954 ], [ 72.785828196318576, 11.25683589255477 ], [ 72.786438546996564, 11.257629350650502 ], [ 72.786987864121102, 11.258422807515457 ], [ 72.787415109472875, 11.258789017503894 ], [ 72.787598214501998, 11.259033159203303 ], [ 72.787842355452369, 11.25903315913658 ], [ 72.788208566798943, 11.259216264649634 ], [ 72.788635812029227, 11.259399370266079 ], [ 72.789185127462375, 11.260009721980074 ], [ 72.789612373356647, 11.260192827376022 ], [ 72.789795479329598, 11.260192827006319 ], [ 72.790222725069881, 11.260192826839111 ], [ 72.790405830619562, 11.26000972179347 ], [ 72.790405829891313, 11.25982661571112 ], [ 72.790588936451442, 11.259582476161492 ], [ 72.790405830434821, 11.258789018038437 ], [ 72.790405830539783, 11.257995560617356 ], [ 72.790405830068138, 11.257385210148907 ], [ 72.79022272557927, 11.257018999362428 ], [ 72.790222725330239, 11.256591753351479 ] ] ], [ [ [ 73.008423304757514, 11.469604455914981 ], [ 73.007996057226521, 11.469421350536543 ], [ 73.007812952348402, 11.469604456216116 ], [ 73.007385706827321, 11.469604455491901 ], [ 73.007202600652519, 11.469787562203605 ], [ 73.007019495513362, 11.469787561757744 ], [ 73.00701949627944, 11.470031701945475 ], [ 73.007019496223393, 11.47039791309752 ], [ 73.007019495901105, 11.470825159296394 ], [ 73.007202601085254, 11.471008264491545 ], [ 73.007202601249801, 11.471191369711612 ], [ 73.007385706735192, 11.471435511023252 ], [ 73.007812952789578, 11.471618616322342 ], [ 73.007996057522774, 11.471984827212218 ], [ 73.00824019843246, 11.471984826974495 ], [ 73.008240198054381, 11.472228967842456 ], [ 73.007996057133028, 11.472595179066836 ], [ 73.007996056956429, 11.473022425382499 ], [ 73.007629847208392, 11.473632775924845 ], [ 73.007385706157535, 11.474426233823298 ], [ 73.007202600234464, 11.475036585102998 ], [ 73.006592249764438, 11.475830042003007 ], [ 73.006226039002883, 11.476623498573458 ], [ 73.005798792743462, 11.477783166994294 ], [ 73.005615686757849, 11.478820765132017 ], [ 73.005615686986289, 11.479186976236322 ], [ 73.005432582125891, 11.480834924708592 ], [ 73.005188441122272, 11.481018030169171 ], [ 73.005005335700858, 11.48199459324476 ], [ 73.00463912511492, 11.482788049959009 ], [ 73.004394984234608, 11.483642541679814 ], [ 73.004394984447671, 11.484802209744762 ], [ 73.004211879711235, 11.485595666879945 ], [ 73.004028773563604, 11.48681636969272 ], [ 73.003784633541656, 11.487426721748593 ], [ 73.003601527793748, 11.488586389647114 ], [ 73.003418422605634, 11.489623986424741 ], [ 73.003235316267919, 11.490600549451427 ], [ 73.002808070347484, 11.491821252640236 ], [ 73.002624965983543, 11.492187463469669 ], [ 73.002624965374267, 11.492797815873399 ], [ 73.002441859703765, 11.493041956112718 ], [ 73.002197720170159, 11.49322506191406 ], [ 73.002014613636007, 11.493408166999272 ], [ 73.001587368364, 11.493591272501643 ], [ 73.001221157254889, 11.493591273050418 ], [ 73.000610806717674, 11.493591272939817 ], [ 73.000183559370328, 11.493835412370879 ], [ 73.000000454332607, 11.494018518685474 ], [ 72.999634243552848, 11.494384729590971 ], [ 72.999390102929908, 11.494811975436207 ], [ 72.999390102557228, 11.495239221206957 ], [ 72.999023891455479, 11.495605432503789 ], [ 72.998596645891737, 11.496398889634184 ], [ 72.998230435120433, 11.49682613582851 ], [ 72.997986295511936, 11.497009240437926 ], [ 72.997986295148792, 11.497192346612902 ], [ 72.998230435098947, 11.497436486831299 ], [ 72.998413541222746, 11.497619592964316 ], [ 72.999023891460865, 11.497985803231604 ], [ 72.99939010288422, 11.498229943817972 ], [ 72.999817349408147, 11.498413049317747 ], [ 73.000610805770279, 11.498413049392557 ], [ 73.001221157077737, 11.498413049930049 ], [ 73.002014613727908, 11.497985803900816 ], [ 73.002808070288907, 11.49780269776346 ], [ 73.003418421704467, 11.497436486537376 ], [ 73.004028772854411, 11.497009240922113 ], [ 73.004822229189912, 11.496398889748759 ], [ 73.005188439986512, 11.495788537879323 ], [ 73.005798792099824, 11.4949950809126 ], [ 73.006226037954676, 11.494384729659158 ], [ 73.007019494521913, 11.493408167238906 ], [ 73.007629846446932, 11.491821252757404 ], [ 73.008240197361147, 11.490417443954845 ], [ 73.00921676024231, 11.489013635511443 ], [ 73.009399864687722, 11.488586389874289 ], [ 73.009827111061469, 11.487426722417688 ], [ 73.009827110694715, 11.486022913108542 ], [ 73.009827110956806, 11.484619104844224 ], [ 73.009827111098915, 11.483398401369628 ], [ 73.009827111478685, 11.481994593353866 ], [ 73.0100102170139, 11.480590784092708 ], [ 73.010193322268989, 11.479186976358783 ], [ 73.010437463407598, 11.477600061992533 ], [ 73.010437463472144, 11.477233851411203 ], [ 73.010620568225676, 11.47680660462656 ], [ 73.010803674481579, 11.476196253335933 ], [ 73.011230920061763, 11.474609339191565 ], [ 73.011841270586856, 11.473022424736634 ], [ 73.011597131306857, 11.472595178657121 ], [ 73.011597130812234, 11.472228968115582 ], [ 73.011230920460932, 11.471984827365443 ], [ 73.010803674630452, 11.471435511154391 ], [ 73.009399866091954, 11.470214807755541 ], [ 73.008789514241442, 11.469787562336187 ], [ 73.008423304757514, 11.469604455914981 ] ] ] ] } },
{ "type": "Feature", "properties": { "rid": 19, "name": "EAST RAJASTHAN", "zone": "NW", "imd_region": "NORTH WEST INDIA", "STATE": "RAJASTHAN" }, "geometry": { "type": "Polygon", "coordinates": [ [ [ 75.661410132740301, 28.462298352995866 ], [ 75.86306998366446, 28.323799998554534 ], [ 76.002199986355095, 28.218419999507724 ], [ 75.951049986001777, 28.085059999458736 ], [ 75.972619986114424, 27.996949999036232 ], [ 75.918119985371916, 27.913209999370402 ], [ 75.963049986589766, 27.79603999903599 ], [ 76.038009987538743, 27.784099999352279 ], [ 76.143569989598419, 27.767539999436668 ], [ 76.200539990452029, 27.766759999226739 ], [ 76.120739988930197, 27.936459998898748 ], [ 76.175449989499882, 27.988239999312153 ], [ 76.319049991266766, 28.006429999943073 ], [ 76.327259991958499, 28.091819999318044 ], [ 76.283829990924886, 28.122679999649321 ], [ 76.441379993012291, 28.100480000018816 ], [ 76.508289994059425, 27.922299999754063 ], [ 76.804939996062799, 28.17486000032779 ], [ 76.912759996968319, 28.112939999671653 ], [ 76.922099996628006, 27.812619999577663 ], [ 76.856639996465631, 27.60694000016619 ], [ 76.918819996449727, 27.603159999485996 ], [ 77.030639997059296, 27.692329999858174 ], [ 77.014889996857292, 27.759030000210977 ], [ 77.261689998026526, 27.743619999781917 ], [ 77.397579998881724, 27.37395000040943 ], [ 77.589329998703462, 27.179559999770589 ], [ 77.64510999922004, 27.191579999938671 ], [ 77.566729999295049, 27.058220000411307 ], [ 77.476229998816208, 27.017090000456836 ], [ 77.710099999020571, 26.945619999690791 ], [ 77.436699998580494, 26.826019999973656 ], [ 77.399569999241407, 26.70456999985603 ], [ 77.442469999116113, 26.67994999995517 ], [ 77.46692999859502, 26.772230000313439 ], [ 77.797709999927889, 26.841629999978696 ], [ 78.000880000013964, 26.781250000320458 ], [ 78.082399999636607, 26.885359999743134 ], [ 78.199979999533355, 26.889350000201773 ], [ 78.234089999798357, 26.823179999822351 ], [ 78.079119999505792, 26.721440000428 ], [ 78.022900000020044, 26.626560000528809 ], [ 77.829829999679717, 26.586070000314173 ], [ 77.475809998576338, 26.341289999993297 ], [ 77.362739999001661, 26.318960000408545 ], [ 76.78321999675903, 26.012879999787849 ], [ 76.666419995944409, 25.824829999753938 ], [ 76.513079994908225, 25.813339999824805 ], [ 76.402719994069997, 25.720539999545167 ], [ 76.470789995427239, 25.566539999208604 ], [ 76.455499994988216, 25.407609999471024 ], [ 76.568099995943314, 25.272439999781131 ], [ 76.71268999689849, 25.228059999713963 ], [ 76.962259998101786, 25.262099999592078 ], [ 77.118259998689098, 25.271389999792376 ], [ 77.239109998721204, 25.357300000390413 ], [ 77.322739999285773, 25.125209999568693 ], [ 77.306939998701822, 25.046649999790652 ], [ 77.233109998446622, 25.011770000330639 ], [ 77.084629998699569, 25.033799999888952 ], [ 76.803179997343037, 24.977159999856674 ], [ 76.772039997750241, 24.935479999400325 ], [ 76.816679997846933, 24.78387999936572 ], [ 76.692249996555091, 24.734570000009192 ], [ 76.726489997187471, 24.688140000090506 ], [ 76.9244899975442, 24.692859999883588 ], [ 76.99061999872994, 24.457669999466923 ], [ 76.857049998331618, 24.375219999576522 ], [ 76.746289997215143, 24.446359999931836 ], [ 76.741169997650175, 24.351509999377946 ], [ 76.747429997541545, 24.209179999961485 ], [ 76.847689998473413, 24.111419999791035 ], [ 76.790879997669336, 24.04687999946945 ], [ 76.714449997264438, 24.0316699998505 ], [ 76.604899996687919, 24.089499999342504 ], [ 76.576889996793625, 24.179649999841381 ], [ 76.520029996862633, 24.17957999940413 ], [ 76.444769996111063, 24.088349999414735 ], [ 76.110769994028487, 24.153159998747942 ], [ 76.099079993848164, 24.242189999464699 ], [ 76.04956999270297, 24.212609999005288 ], [ 76.028649992564198, 24.035029998896196 ], [ 75.859749991781669, 23.944149998531199 ], [ 75.921959992441799, 23.81454999873398 ], [ 75.787379990846105, 23.791459998303424 ], [ 75.804029991048196, 23.723809998033428 ], [ 75.783259991308029, 23.712549998621046 ], [ 75.754429990372728, 23.698959998110588 ], [ 75.636989989313818, 23.719849997646143 ], [ 75.581309988368545, 23.812929997534368 ], [ 75.547629986907069, 23.840899997663797 ], [ 75.57931998794821, 23.903719997506936 ], [ 75.678919989241436, 23.879499998414285 ], [ 75.650279989016596, 23.928869997932836 ], [ 75.713609989732362, 24.037449998028112 ], [ 75.651389988355845, 24.076049997732305 ], [ 75.706279988922262, 24.22060999869004 ], [ 75.638579987346716, 24.294269998287671 ], [ 75.660879987205732, 24.365539998465302 ], [ 75.780729989575477, 24.396509998599157 ], [ 75.808089989250277, 24.499069998571095 ], [ 75.734239988381901, 24.553709998090913 ], [ 75.686729986851347, 24.694729998302332 ], [ 75.487269984107854, 24.611119997603403 ], [ 75.088709973537647, 24.679409995456403 ], [ 75.142869974778378, 24.763239995927741 ], [ 75.105959972898091, 24.826449996216461 ], [ 75.26114997741692, 24.756549996249916 ], [ 75.348919980377488, 24.803599996612618 ], [ 75.186949975814755, 24.818549996705777 ], [ 75.168559974524882, 24.899889995965218 ], [ 75.211449976284229, 24.863269996217134 ], [ 75.271779977550182, 24.965069997015277 ], [ 75.151069973564304, 24.99448999655678 ], [ 75.116719972345265, 25.002749995808781 ], [ 75.065839970558571, 25.00233999522813 ], [ 75.028949970495006, 24.849519995031194 ], [ 74.930019967040565, 24.786129994798483 ], [ 74.726199957795586, 24.918799992864315 ], [ 74.743999960060222, 24.727559993562995 ], [ 74.884289966160011, 24.698529994125671 ], [ 74.804889963358207, 24.569809993387508 ], [ 74.706919958563645, 24.706339993231044 ], [ 74.641989956925585, 24.504689992475935 ], [ 74.64613995732995, 24.419369992564231 ], [ 74.711459960733848, 24.410529993106994 ], [ 74.636469959359445, 24.194399992254386 ], [ 74.812479966543123, 24.170479994005099 ], [ 74.77642996628839, 24.068569993115585 ], [ 75.027659977349458, 23.685689995191868 ], [ 75.006999976870858, 23.549099994823255 ], [ 74.859369973263881, 23.455969994531834 ], [ 74.705349969565162, 23.400419993167333 ], [ 74.630039968282176, 23.263629992342324 ], [ 74.835079974988588, 23.133199993577975 ], [ 74.594789968821985, 23.045709991792677 ], [ 74.397089962381273, 22.999219989259192 ], [ 74.343129958229127, 23.117989988359557 ], [ 74.218489952477995, 23.116179986744775 ], [ 74.181559948639574, 23.232309986566914 ], [ 74.075679941797716, 23.307969984420264 ], [ 73.930789931505757, 23.357169982180302 ], [ 73.757259917362134, 23.402009977986491 ], [ 73.6929499075042, 23.597329976721813 ], [ 73.616519901888864, 23.566379974806729 ], [ 73.489319883454257, 23.7646199710662 ], [ 73.235909841591166, 24.073979962575866 ], [ 73.100869823993079, 23.992889956996517 ], [ 72.970189796401058, 24.130129950857835 ], [ 72.948199789398416, 24.191429949956021 ], [ 73.061899803007933, 24.340559955518643 ], [ 72.960169782022049, 24.403269950795835 ], [ 72.960929779692748, 24.459249950727351 ], [ 72.96131977901085, 24.488049950188877 ], [ 72.90754976830226, 24.490549947512765 ], [ 72.790489750390122, 24.353659941536279 ], [ 72.111199546615893, 24.564649890765864 ], [ 72.173679565917482, 24.592569896620429 ], [ 72.167844313709935, 24.594630951693944 ], [ 72.372865596733305, 24.737649065361563 ], [ 72.497052017205206, 24.744798763044695 ], [ 72.501863834504988, 24.901657581179869 ], [ 72.735396851991624, 25.142728787972384 ], [ 72.851547122975802, 25.277403335799256 ], [ 73.012332809605311, 25.215016233382119 ], [ 73.037215914830028, 25.073888266631226 ], [ 73.085822077078788, 25.048007006623358 ], [ 72.999711728822092, 24.929390357499557 ], [ 73.214698570085289, 24.7413302310561 ], [ 73.517319447274303, 25.156061889418691 ], [ 73.798972373936522, 25.426861439066798 ], [ 73.992444432241342, 25.878583966808943 ], [ 74.149751533518682, 25.886133302796694 ], [ 74.415496766222603, 26.212579225342346 ], [ 74.249396283689123, 26.347579934002681 ], [ 74.567796389582668, 26.605044332159025 ], [ 74.696138903792615, 26.582248235867628 ], [ 74.668449054491006, 26.795231789269078 ], [ 74.911002311133814, 27.020188474170332 ], [ 75.157144319400032, 26.887767180962538 ], [ 75.382927326207479, 27.154216245106586 ], [ 75.074774239507448, 27.241516919967545 ], [ 75.197924202936292, 27.332429323615518 ], [ 75.066405431514696, 27.398324884923451 ], [ 74.833237201178136, 27.273902924887174 ], [ 74.651722333586832, 27.651346669941248 ], [ 74.764215253263046, 27.927852642261737 ], [ 74.906894051318602, 28.248542555356259 ], [ 75.217214390808223, 28.476420827332277 ], [ 75.354659742329346, 28.325006038590626 ], [ 75.661410132740301, 28.462298352995866 ] ] ] } },
{ "type": "Feature", "properties": { "rid": 20, "name": "EAST UTTAR PRADESH", "zone": "NW", "imd_region": "NORTH WEST INDIA", "STATE": "UTTAR PRADESH" }, "geometry": { "type": "Polygon", "coordinates": [ [ [ 80.103281157677259, 25.282554576821145 ], [ 80.14634853616009, 25.436679931523184 ], [ 80.271734669175856, 25.587874228682043 ], [ 80.350186990397503, 25.695756715142569 ], [ 80.246491603007769, 25.831436741506174 ], [ 80.364978120196199, 25.889341558871489 ], [ 80.301337613723618, 25.932052347479463 ], [ 80.214150318113525, 25.931605702421766 ], [ 80.09482358524383, 25.988244980687735 ], [ 80.094273567486496, 26.059910417168059 ], [ 79.967263286546284, 26.066224498810225 ], [ 79.966633600355237, 26.13788644935595 ], [ 79.863839947256153, 26.094113615252056 ], [ 79.743881323038963, 26.179114098647322 ], [ 79.560176094361424, 26.263383669084021 ], [ 79.519168442482382, 26.363286265248913 ], [ 79.636363318679159, 26.543594768301979 ], [ 79.714665245999171, 26.666140591617328 ], [ 79.673961817488021, 26.737422638544491 ], [ 79.777163545502731, 26.788510174921178 ], [ 79.63217271410052, 26.894665166027092 ], [ 79.54464541966729, 26.865129554510478 ], [ 79.343697311331809, 26.948894920855555 ], [ 79.437937057825536, 27.071773080834635 ], [ 79.306770638649169, 27.278023611229028 ], [ 79.272705930242211, 27.406562989353983 ], [ 79.238782450109397, 27.520763060741384 ], [ 79.147644088710393, 27.684343657152805 ], [ 79.243733077651754, 27.714250866043045 ], [ 79.502852259226685, 27.60266652572648 ], [ 79.623110832742753, 27.63257036556109 ], [ 79.657116950969069, 27.482443934836137 ], [ 79.753591778081898, 27.476176306085758 ], [ 79.711674957694925, 27.626256624681332 ], [ 79.759045428931401, 27.70550149898795 ], [ 79.839918190796652, 27.670378224269715 ], [ 80.072684242354555, 27.743783493847104 ], [ 80.054841037068968, 27.944283859160549 ], [ 80.239447761468426, 28.081563687855795 ], [ 80.287254574685022, 28.18213008751755 ], [ 80.399616980344447, 28.333132739311029 ], [ 80.309709904355017, 28.461672609478011 ], [ 80.44745945107573, 28.476631353418316 ], [ 80.403110886684203, 28.604933331085277 ], [ 80.403759999832317, 28.604670000521391 ], [ 80.53925999986123, 28.594930000007466 ], [ 80.54327000048734, 28.633250000195815 ], [ 80.778190000021411, 28.473680000020728 ], [ 81.189689999768035, 28.310119999908302 ], [ 81.35236000032566, 28.108199999816605 ], [ 81.420010000114203, 28.107729999990134 ], [ 81.809049999615937, 27.849529999873834 ], [ 81.902820000197693, 27.8069800002006 ], [ 81.978910000382811, 27.881280000140926 ], [ 82.064159999989045, 27.871740000031132 ], [ 82.241860000015862, 27.780060000521932 ], [ 82.4955799999655, 27.631729999780564 ], [ 82.700650000319172, 27.646060000537233 ], [ 82.76948999996381, 27.469310000466017 ], [ 83.206210000197999, 27.397710000052825 ], [ 83.274639999632953, 27.368409999800125 ], [ 83.302180000381867, 27.287599999903687 ], [ 83.377530000137384, 27.275940000381688 ], [ 83.426050000378638, 27.445730000529334 ], [ 83.656020000159216, 27.426420000501764 ], [ 83.847550000306512, 27.316830000319936 ], [ 83.812320000651852, 27.278430000096346 ], [ 83.822479999991643, 27.238399999989401 ], [ 83.889490000180601, 27.234520000028173 ], [ 83.934660000496905, 27.258470000106023 ], [ 83.988140000021971, 27.202109999728115 ], [ 84.072880000774163, 26.810170000241897 ], [ 84.246100000318464, 26.735480000400521 ], [ 84.29778000081491, 26.643160000220632 ], [ 84.379230001244551, 26.634670000256204 ], [ 84.390000000971213, 26.543719999953861 ], [ 84.129130000407955, 26.572490000091729 ], [ 84.036580000243475, 26.463300000348564 ], [ 83.932590000143534, 26.430870000446479 ], [ 83.913990000054412, 26.385230000079588 ], [ 84.169460000602655, 26.283220000464578 ], [ 84.17534000010231, 26.173450000058541 ], [ 84.013860000401209, 26.138270000508818 ], [ 84.0437200001668, 26.02482000000558 ], [ 84.193480000093999, 25.931849999925245 ], [ 84.52675000060519, 25.740499999818582 ], [ 84.611400001296857, 25.695830000138805 ], [ 84.642480001189341, 25.596289999819174 ], [ 84.544280000907023, 25.592270000128529 ], [ 84.435360000905078, 25.702129999952785 ], [ 83.967089999889239, 25.499629999646121 ], [ 83.89249999988472, 25.432050000094158 ], [ 83.767979999986224, 25.311140000354548 ], [ 83.658480000277009, 25.278679999706821 ], [ 83.513649999728301, 25.218849999880614 ], [ 83.410689999793107, 25.163320000301411 ], [ 83.353629999968902, 24.997360000249397 ], [ 83.371640000533873, 24.752230000364076 ], [ 83.419560000537714, 24.701439999612283 ], [ 83.55588999964543, 24.520730000350753 ], [ 83.555919999985193, 24.46664000001379 ], [ 83.495610000434226, 24.432480000462949 ], [ 83.435259999987665, 24.368869999909847 ], [ 83.470280000420487, 24.280449999884826 ], [ 83.397900000243212, 24.056689999989413 ], [ 83.262310000357601, 23.906950000252831 ], [ 83.182710000349218, 23.799549999668894 ], [ 82.989930000361426, 23.747879999848877 ], [ 82.775010000262242, 23.842479999972607 ], [ 82.780260000303258, 23.916220000333375 ], [ 82.628420000052188, 24.006969999617759 ], [ 82.650569999781354, 24.052899999862316 ], [ 82.716339999544644, 24.041580000335625 ], [ 82.797790000443797, 24.191250000506226 ], [ 82.71909000000629, 24.314020000157047 ], [ 82.737269999949845, 24.45682000045349 ], [ 82.81459000038565, 24.446110000228593 ], [ 82.79099999954515, 24.515090000338105 ], [ 82.699769999955521, 24.576439999727935 ], [ 82.401859999670123, 24.594900000330426 ], [ 82.376160000261152, 24.501649999644449 ], [ 82.321010000034349, 24.527750000438761 ], [ 82.295180000438052, 24.597670000038931 ], [ 82.212209999834883, 24.595989999839386 ], [ 82.217680000225485, 24.668679999789671 ], [ 82.162780000017094, 24.675949999993904 ], [ 82.074579999641514, 24.744509999995962 ], [ 81.932619999958703, 24.785890000451506 ], [ 81.85125999957495, 24.917670000374077 ], [ 81.676389999854393, 24.939730000480367 ], [ 81.586669999910058, 25.001439999730838 ], [ 81.612650000137052, 25.040649999661831 ], [ 81.552020000020391, 25.144300000134088 ], [ 81.494189999951757, 25.119049999846631 ], [ 81.479369999516223, 24.989600000194461 ], [ 81.397139999630568, 24.982850000388066 ], [ 81.401909999589776, 25.047170000308554 ], [ 81.271920000219382, 25.084019999778473 ], [ 81.19846999982596, 24.84393000036173 ], [ 81.12308000013158, 24.816080000201374 ], [ 81.044140000444003, 24.856520000239247 ], [ 80.823429999979453, 24.825710000326247 ], [ 80.791630000285878, 24.88886000046125 ], [ 80.897879999896205, 25.086749999973005 ], [ 80.853119999562253, 25.037400000453559 ], [ 80.696879999944088, 25.018500000128174 ], [ 80.760360000353387, 24.976610000120548 ], [ 80.722759999768286, 24.966880000210349 ], [ 80.596850000114955, 25.052499999837654 ], [ 80.565350000070822, 24.987700000081162 ], [ 80.510779999607792, 25.010440000078319 ], [ 80.535160000306249, 24.934220000392919 ], [ 80.455220000397958, 24.883490000113696 ], [ 80.428010000076782, 24.974910000483344 ], [ 80.362559999995355, 24.921050000295025 ], [ 80.258300000074442, 24.952129999697995 ], [ 80.351169999754674, 25.027350000375044 ], [ 80.325870000461492, 25.06186000036616 ], [ 80.409229999633666, 25.073740000204712 ], [ 80.418939999581809, 25.142710000406954 ], [ 80.298120000266849, 25.183529999774688 ], [ 80.256260000400459, 25.330940000205601 ], [ 80.103281157677259, 25.282554576821145 ] ] ] } },
{ "type": "Feature", "properties": { "rid": 21, "name": "HAR. CHD & DELHI", "zone": "NW", "imd_region": "NORTH WEST INDIA", "STATE": "HARYANA" }, "geometry": { "type": "Polygon", "coordinates": [ [ [ 77.604549999302762, 30.326749999816808 ], [ 77.448429998764411, 30.091930000617044 ], [ 77.246119998250606, 30.003070000584909 ], [ 77.201119998180204, 29.948229999839281 ], [ 77.154049997827784, 29.916650000144003 ], [ 77.155879997911555, 29.762000000056386 ], [ 77.130039997925152, 29.63527000031803 ], [ 77.064919996735867, 29.582200000231875 ], [ 77.016449996780111, 29.48811000048229 ], [ 77.13266999701473, 29.320840000332534 ], [ 77.139949997419436, 29.226520000443209 ], [ 77.090949997331691, 29.191100000312435 ], [ 77.090869996863304, 29.138790000102382 ], [ 77.106639997275693, 29.031300000381904 ], [ 77.161499998081453, 28.829249999910225 ], [ 77.302219998166194, 28.612930000091904 ], [ 77.31747999789205, 28.447009999887982 ], [ 77.494909998442907, 28.321900000477807 ], [ 77.443179998558321, 28.062310000370076 ], [ 77.407089998790966, 28.012690000463714 ], [ 77.467889998850509, 27.886749999682902 ], [ 77.440299998946386, 27.845529999740744 ], [ 77.297749998756018, 27.817729999654425 ], [ 77.28391999835803, 27.775510000381001 ], [ 77.261689998026526, 27.743619999781917 ], [ 77.014889996857292, 27.759030000210977 ], [ 77.030639997059296, 27.692329999858174 ], [ 76.918819996449727, 27.603159999485996 ], [ 76.856639996465631, 27.60694000016619 ], [ 76.922099996628006, 27.812619999577663 ], [ 76.912759996968319, 28.112939999671653 ], [ 76.804939996062799, 28.17486000032779 ], [ 76.508289994059425, 27.922299999754063 ], [ 76.441379993012291, 28.100480000018816 ], [ 76.283829990924886, 28.122679999649321 ], [ 76.327259991958499, 28.091819999318044 ], [ 76.319049991266766, 28.006429999943073 ], [ 76.175449989499882, 27.988239999312153 ], [ 76.120739988930197, 27.936459998898748 ], [ 76.200539990452029, 27.766759999226739 ], [ 76.143569989598419, 27.767539999436668 ], [ 76.038009987538743, 27.784099999352279 ], [ 75.963049986589766, 27.79603999903599 ], [ 75.918119985371916, 27.913209999370402 ], [ 75.972619986114424, 27.996949999036232 ], [ 75.951049986001777, 28.085059999458736 ], [ 76.002199986355095, 28.218419999507724 ], [ 75.86306998366446, 28.323799998554534 ], [ 75.616359976889584, 28.49313999864464 ], [ 75.523049973658956, 28.646189997928733 ], [ 75.456329970329406, 28.904029997860501 ], [ 75.49502997173208, 28.979999998151076 ], [ 75.37878996755731, 29.033499997419398 ], [ 75.383529967356694, 29.228809997309707 ], [ 75.315379964504871, 29.235839997137788 ], [ 75.309589963498922, 29.289959997312174 ], [ 75.203929958857074, 29.208919997188659 ], [ 75.16630995715316, 29.248799996549678 ], [ 74.913859942363857, 29.273889995370848 ], [ 74.893849940438699, 29.349349995220262 ], [ 74.59006991703211, 29.295189993250357 ], [ 74.52240990992469, 29.419599992074971 ], [ 74.595179916395551, 29.47538999321084 ], [ 74.596699915116034, 29.685249993206941 ], [ 74.47632990349976, 29.750209992110396 ], [ 74.553949910354689, 29.932669992535214 ], [ 74.614789915742762, 29.936069993445116 ], [ 74.721079924738518, 29.980839994023604 ], [ 74.990619945437032, 29.857449995842213 ], [ 75.128359952868877, 29.85758999682454 ], [ 75.115299953271361, 29.775499996759521 ], [ 75.177849956202238, 29.819759996470005 ], [ 75.177759957035505, 29.607239996845944 ], [ 75.285049961694739, 29.539419997395377 ], [ 75.413149966749955, 29.766359998191678 ], [ 75.589419974226914, 29.741289997951366 ], [ 75.804629980433702, 29.799199998644063 ], [ 75.891429982657684, 29.73526999943947 ], [ 75.95886998385032, 29.692659999299782 ], [ 76.055779986114501, 29.730279999153051 ], [ 76.104479987265691, 29.818969999508848 ], [ 76.170659987949975, 29.821029999236696 ], [ 76.220799989038738, 29.831409999598741 ], [ 76.148739987711096, 29.967189999235117 ], [ 76.262899989253853, 30.014969999165512 ], [ 76.211329988983337, 30.092089999400649 ], [ 76.381319991483764, 30.094329999854242 ], [ 76.398349990778726, 30.129719999767619 ], [ 76.5706599934135, 30.048069999534473 ], [ 76.713709995029106, 30.340239999957848 ], [ 76.765089994939629, 30.38394999984456 ], [ 76.907539996488197, 30.379269999918062 ], [ 76.932299996246428, 30.566920000507761 ], [ 76.844389996084388, 30.672789999702523 ], [ 76.681179994517962, 30.69015 ], [ 76.694009993883185, 30.748580000309147 ], [ 76.851679995451008, 30.756960000230606 ], [ 76.81736999486364, 30.797760000364278 ], [ 76.784259995034816, 30.877830000436877 ], [ 76.90884999547454, 30.838860000139956 ], [ 77.099819997657747, 30.718999999868974 ], [ 77.159769997259019, 30.647449999976644 ], [ 77.162589997008595, 30.451600000437516 ], [ 77.399149998446674, 30.378510000529854 ], [ 77.604549999302762, 30.326749999816808 ] ] ] } },
{ "type": "Feature", "properties": { "rid": 22, "name": "HIMACHAL PRADESH", "zone": "NW", "imd_region": "NORTH WEST INDIA", "STATE": "HIMACHAL PRADESH" }, "geometry": { "type": "Polygon", "coordinates": [ [ [ 78.445520000183407, 32.486630000026011 ], [ 78.541139999869543, 32.39850000061724 ], [ 78.49570999940822, 32.194380000476372 ], [ 78.641439999524096, 32.153630000735589 ], [ 78.709489999820377, 32.045219999979409 ], [ 78.819039999418578, 31.889299999998684 ], [ 78.761180000281001, 31.83996000057132 ], [ 78.73882999965889, 31.680390000630936 ], [ 78.863320000460973, 31.533280000720087 ], [ 78.73801999986452, 31.421560000243055 ], [ 78.824719999805723, 31.371780000623374 ], [ 78.937729999918005, 31.191180000509128 ], [ 78.989690000102712, 31.047110000099316 ], [ 78.92285000040178, 31.033840000150285 ], [ 78.770119999550971, 31.123230000297291 ], [ 78.485269999603702, 31.147750000107653 ], [ 78.331029999521775, 31.225700000471903 ], [ 78.092069999773301, 31.085479999858748 ], [ 77.946959999371956, 31.098310000350804 ], [ 77.841769999519769, 30.95703000041982 ], [ 77.774569998995048, 30.858120000056562 ], [ 77.802119999669046, 30.793070000284075 ], [ 77.740579999346167, 30.729319999938355 ], [ 77.780619999160422, 30.599200000260726 ], [ 77.739439998723682, 30.520430000489576 ], [ 77.818479998804065, 30.471790000641427 ], [ 77.588629998655577, 30.357479999954784 ], [ 77.604549999302762, 30.326749999816808 ], [ 77.399149998446674, 30.378510000529854 ], [ 77.162589997008595, 30.451600000437516 ], [ 77.159769997259019, 30.647449999976644 ], [ 77.099819997657747, 30.718999999868974 ], [ 76.90884999547454, 30.838860000139956 ], [ 76.784259995034816, 30.877830000436877 ], [ 76.61870999365118, 30.974179999598789 ], [ 76.648629994165631, 31.151159999710973 ], [ 76.621639993444887, 31.225219999733426 ], [ 76.443909991377311, 31.278699999963667 ], [ 76.425349991365948, 31.388829999712087 ], [ 76.356489989728829, 31.351650000028581 ], [ 76.297459989227406, 31.280270000164467 ], [ 76.237289988493558, 31.244959999783134 ], [ 76.144069986864736, 31.402019999176979 ], [ 76.075059985289627, 31.653269999329616 ], [ 75.990369983012528, 31.756429999850823 ], [ 76.002909983635803, 31.840489999616604 ], [ 75.833629979003902, 31.966259998808074 ], [ 75.641679972729222, 32.047449999059623 ], [ 75.739919975978196, 32.243319998687504 ], [ 75.94175998087627, 32.372169999505537 ], [ 75.92955998136604, 32.424589999691008 ], [ 75.862109978697731, 32.464809999662847 ], [ 75.954689981241543, 32.595789999226717 ], [ 75.930139980888555, 32.720709999598874 ], [ 75.831589977905182, 32.853519998959271 ], [ 75.86506997886147, 32.890379998912252 ], [ 75.973939982099466, 32.863249999882775 ], [ 76.116959985045895, 32.972949999353119 ], [ 76.265949987493215, 32.983439999997692 ], [ 76.436399991121775, 33.133280000295855 ], [ 76.747809993871655, 33.130809999886353 ], [ 76.798979994452083, 33.172989999974689 ], [ 76.802249994226131, 33.192240000572369 ], [ 76.873039995483381, 33.166559999873733 ], [ 76.876269995320939, 33.046430000487618 ], [ 76.969779995543959, 32.953710000391595 ], [ 77.307559998058167, 32.790700000632661 ], [ 77.482829998287571, 32.816190000394279 ], [ 77.737509999166917, 32.923430000674031 ], [ 77.803639999503019, 32.890100000514856 ], [ 77.957129999617422, 32.599960000247698 ], [ 78.081540000055753, 32.545970000680001 ], [ 78.38138999998813, 32.703170000027278 ], [ 78.332949999971575, 32.512240000315188 ], [ 78.38514999969037, 32.410670000518053 ], [ 78.445520000183407, 32.486630000026011 ] ] ] } },
{ "type": "Feature", "properties": { "rid": 23, "name": "JAMMU & KASHMIR", "zone": "NW", "imd_region": "NORTH WEST INDIA", "STATE": "JAMMU AND KASHMIR" }, "geometry": { "type": "Polygon", "coordinates": [ [ [ 78.445520000183407, 32.486630000026011 ], [ 78.38514999969037, 32.410670000518053 ], [ 78.332949999971575, 32.512240000315188 ], [ 78.38138999998813, 32.703170000027278 ], [ 78.081540000055753, 32.545970000680001 ], [ 77.957129999617422, 32.599960000247698 ], [ 77.803639999503019, 32.890100000514856 ], [ 77.737509999166917, 32.923430000674031 ], [ 77.482829998287571, 32.816190000394279 ], [ 77.307559998058167, 32.790700000632661 ], [ 76.969779995543959, 32.953710000391595 ], [ 76.876269995320939, 33.046430000487618 ], [ 76.873039995483381, 33.166559999873733 ], [ 76.802249994226131, 33.192240000572369 ], [ 76.798979994452083, 33.172989999974689 ], [ 76.747809993871655, 33.130809999886353 ], [ 76.436399991121775, 33.133280000295855 ], [ 76.265949987493215, 32.983439999997692 ], [ 76.116959985045895, 32.972949999353119 ], [ 75.973939982099466, 32.863249999882775 ], [ 75.86506997886147, 32.890379998912252 ], [ 75.831589977905182, 32.853519998959271 ], [ 75.930139980888555, 32.720709999598874 ], [ 75.954689981241543, 32.595789999226717 ], [ 75.862109978697731, 32.464809999662847 ], [ 75.647759972227263, 32.41138999864345 ], [ 75.596629970251286, 32.287749998884344 ], [ 75.377489960740647, 32.307589997872519 ], [ 75.146659948218257, 32.434099997554881 ], [ 75.165889949778091, 32.46276999722938 ], [ 74.760949919116655, 32.497259995499853 ], [ 74.701069913208144, 32.598819994607062 ], [ 74.76343991836994, 32.819939995503418 ], [ 74.575159899642401, 32.758499994499388 ], [ 74.474639888491566, 32.798849993207369 ], [ 74.398659878836639, 32.792559992740159 ], [ 74.104559835631278, 32.90044998946022 ], [ 73.966849811638113, 33.003439987862983 ], [ 73.871359792272358, 32.98848998599059 ], [ 73.622059735712256, 33.108139981810851 ], [ 73.69178975124639, 33.276839983544221 ], [ 73.623519734441558, 33.368439981844915 ], [ 73.658809741846085, 33.630659982913016 ], [ 73.685989747162537, 33.694109984087504 ], [ 73.641149735313576, 33.864369983072777 ], [ 73.554639712176808, 33.978229981463734 ], [ 73.612189726894997, 34.113129982986777 ], [ 73.619039728296713, 34.265459982843737 ], [ 73.511149698316018, 34.394229981360994 ], [ 73.570609714148574, 34.547939982799008 ], [ 73.785299766544796, 34.58079998640315 ], [ 73.863399783319849, 34.755399987345669 ], [ 74.154819838045327, 34.89141999178986 ], [ 74.210489846881273, 35.05625999211447 ], [ 74.201719844452569, 35.120529992268828 ], [ 73.839429777190546, 35.218699987717642 ], [ 73.816149771889158, 35.342479987645596 ], [ 73.916489792689404, 35.470389989086179 ], [ 73.803249768668351, 35.499749987788441 ], [ 73.616279724042784, 35.455729984892557 ], [ 73.28081962301809, 35.687869978585887 ], [ 73.272439619502208, 35.815959978414739 ], [ 72.981689507402663, 35.843099970913322 ], [ 72.895189469423471, 35.802889967927506 ], [ 72.670829358568596, 35.872239960426164 ], [ 72.702329375098685, 36.195469962100347 ], [ 72.954319496266081, 36.285129971261384 ], [ 73.230229604421353, 36.556379978430634 ], [ 73.22741960358826, 36.63086997847018 ], [ 73.288549624573889, 36.683819979997594 ], [ 74.008909810614327, 36.680619991394067 ], [ 74.084139824440399, 36.707489992070343 ], [ 73.899189788618287, 36.774429990252628 ], [ 73.827289773857373, 36.86410998909971 ], [ 73.984279805848445, 36.873149991428882 ], [ 74.224989847867917, 36.808579993097148 ], [ 74.569679894309473, 36.933879995928486 ], [ 74.708039909523933, 36.926149996646075 ], [ 74.84268992196445, 37.034729997546236 ], [ 75.006099935410205, 36.893589998172423 ], [ 75.094319941332571, 36.878989998046904 ], [ 75.42214996100077, 36.986769998967439 ], [ 75.58781996787593, 36.768099999276252 ], [ 75.892209978246655, 36.523509999665279 ], [ 76.263069987625371, 36.364640000096486 ], [ 76.34662998832593, 36.282960000331471 ], [ 76.444339990150354, 36.28133000067087 ], [ 76.614429992478321, 36.128490000260356 ], [ 76.791909994517667, 36.079930000932016 ], [ 76.875029994702729, 35.949230000451024 ], [ 76.836239994950148, 35.849120000334999 ], [ 76.884949994984012, 35.801280000967836 ], [ 77.020999996087568, 35.723560000926661 ], [ 77.504149998812437, 35.640440000875998 ], [ 77.558619999061136, 35.462190000578538 ], [ 77.436029998235526, 35.466160000276581 ], [ 77.582609998747699, 35.396980000394386 ], [ 77.800599999136665, 35.473060000526615 ], [ 78.000109999731237, 35.412440000466979 ], [ 78.031849998995511, 35.52081000086455 ], [ 78.203839999326377, 35.476460000261952 ], [ 78.365779999448179, 35.657140000614788 ], [ 78.77321999957708, 35.783260000657606 ], [ 79.227500000500044, 35.740280000535101 ], [ 79.277390000119496, 35.88958000093303 ], [ 79.385310000504589, 35.919120000798188 ], [ 79.531620000115751, 35.792980000243617 ], [ 79.817729999686946, 35.701970000246014 ], [ 80.04053000015702, 35.722540000752154 ], [ 80.143680000533308, 35.574750000265546 ], [ 80.335829999667439, 35.464380000867202 ], [ 80.321120000526776, 35.297160000853523 ], [ 80.052460000004899, 34.614960000562895 ], [ 79.841509999959428, 34.558650000207457 ], [ 79.771389999719204, 34.387550000365351 ], [ 79.563259999541401, 34.410110000746648 ], [ 79.604230000169352, 34.175500000633548 ], [ 79.445100000270344, 33.957500000303135 ], [ 79.170300000439312, 34.027060000275583 ], [ 79.156330000196704, 33.968800000457819 ], [ 78.968400000124603, 33.993420000725465 ], [ 78.944689999604378, 33.937970000777497 ], [ 78.994149999644904, 33.790480000697599 ], [ 79.07733999959791, 33.718410000225276 ], [ 79.051060000409208, 33.63456000015416 ], [ 79.122610000195081, 33.596360000382973 ], [ 78.986929999678708, 33.575720000573085 ], [ 78.993270000349426, 33.312940000683454 ], [ 79.143679999473434, 33.233600000404941 ], [ 79.452460000147894, 33.191790000656432 ], [ 79.47918999956633, 33.16123000034937 ], [ 79.387430000110101, 32.933840000827722 ], [ 79.623700000100214, 32.692260000230995 ], [ 79.598719999788116, 32.628209999976356 ], [ 79.467340000196344, 32.490879999951375 ], [ 79.34434999971532, 32.534590000314644 ], [ 79.314219999462438, 32.478790000745164 ], [ 79.183690000081441, 32.452580000474306 ], [ 79.193600000488317, 32.388040000495451 ], [ 79.144229999765926, 32.345280000287126 ], [ 78.971359999504458, 32.302770000396855 ], [ 78.810189999751501, 32.415640000661959 ], [ 78.783159999966415, 32.604470000444088 ], [ 78.50928999982176, 32.571710000170768 ], [ 78.445520000183407, 32.486630000026011 ] ] ] } },
{ "type": "Feature", "properties": { "rid": 24, "name": "PUNJAB", "zone": "NW", "imd_region": "NORTH WEST INDIA", "STATE": "PUNJAB" }, "geometry": { "type": "Polygon", "coordinates": [ [ [ 75.377489960740647, 32.307589997872519 ], [ 75.596629970251286, 32.287749998884344 ], [ 75.647759972227263, 32.41138999864345 ], [ 75.862109978697731, 32.464809999662847 ], [ 75.92955998136604, 32.424589999691008 ], [ 75.94175998087627, 32.372169999505537 ], [ 75.739919975978196, 32.243319998687504 ], [ 75.641679972729222, 32.047449999059623 ], [ 75.833629979003902, 31.966259998808074 ], [ 76.002909983635803, 31.840489999616604 ], [ 75.990369983012528, 31.756429999850823 ], [ 76.075059985289627, 31.653269999329616 ], [ 76.144069986864736, 31.402019999176979 ], [ 76.237289988493558, 31.244959999783134 ], [ 76.297459989227406, 31.280270000164467 ], [ 76.356489989728829, 31.351650000028581 ], [ 76.425349991365948, 31.388829999712087 ], [ 76.443909991377311, 31.278699999963667 ], [ 76.621639993444887, 31.225219999733426 ], [ 76.648629994165631, 31.151159999710973 ], [ 76.61870999365118, 30.974179999598789 ], [ 76.784259995034816, 30.877830000436877 ], [ 76.81736999486364, 30.797760000364278 ], [ 76.851679995451008, 30.756960000230606 ], [ 76.694009993883185, 30.748580000309147 ], [ 76.681179994517962, 30.69015 ], [ 76.844389996084388, 30.672789999702523 ], [ 76.932299996246428, 30.566920000507761 ], [ 76.907539996488197, 30.379269999918062 ], [ 76.765089994939629, 30.38394999984456 ], [ 76.713709995029106, 30.340239999957848 ], [ 76.5706599934135, 30.048069999534473 ], [ 76.398349990778726, 30.129719999767619 ], [ 76.381319991483764, 30.094329999854242 ], [ 76.211329988983337, 30.092089999400649 ], [ 76.262899989253853, 30.014969999165512 ], [ 76.148739987711096, 29.967189999235117 ], [ 76.220799989038738, 29.831409999598741 ], [ 76.170659987949975, 29.821029999236696 ], [ 76.104479987265691, 29.818969999508848 ], [ 76.055779986114501, 29.730279999153051 ], [ 75.95886998385032, 29.692659999299782 ], [ 75.891429982657684, 29.73526999943947 ], [ 75.804629980433702, 29.799199998644063 ], [ 75.589419974226914, 29.741289997951366 ], [ 75.413149966749955, 29.766359998191678 ], [ 75.285049961694739, 29.539419997395377 ], [ 75.177759957035505, 29.607239996845944 ], [ 75.177849956202238, 29.819759996470005 ], [ 75.115299953271361, 29.775499996759521 ], [ 75.128359952868877, 29.85758999682454 ], [ 74.990619945437032, 29.857449995842213 ], [ 74.721079924738518, 29.980839994023604 ], [ 74.614789915742762, 29.936069993445116 ], [ 74.553949910354689, 29.932669992535214 ], [ 74.504719905165373, 29.938689992685028 ], [ 74.445759899374565, 29.952979991903526 ], [ 73.900459823829848, 29.975459984243443 ], [ 73.877119818609259, 30.027299984052338 ], [ 73.969639832889442, 30.183899985911975 ], [ 73.987529834898083, 30.265039985656696 ], [ 73.908289820097266, 30.391409985001033 ], [ 73.966489830305008, 30.433969985469567 ], [ 73.945509826509209, 30.470869985882434 ], [ 74.094349849694183, 30.545159987870903 ], [ 74.436159891891833, 30.940599992238432 ], [ 74.769629924852808, 31.091179994653668 ], [ 74.600859909084079, 31.083129993303039 ], [ 74.551809903749145, 31.130819993189832 ], [ 74.562059903886222, 31.329049993311823 ], [ 74.667359914284063, 31.433679994122482 ], [ 74.545939900888968, 31.722739993274807 ], [ 74.66935991280387, 31.864269994015885 ], [ 74.985159938312393, 32.036739996364268 ], [ 75.308989958510367, 32.111919997445817 ], [ 75.420269963362202, 32.262809998153827 ], [ 75.377489960740647, 32.307589997872519 ] ] ] } },
{ "type": "Feature", "properties": { "rid": 25, "name": "UTTARAKHAND", "zone": "NW", "imd_region": "NORTH WEST INDIA", "STATE": "UTTAR PRADESH" }, "geometry": { "type": "Polygon", "coordinates": [ [ [ 80.05306493570103, 28.799009319409642 ], [ 79.96224186554663, 28.758163069263631 ], [ 79.833001171475374, 28.804867449835228 ], [ 79.866110294413218, 28.876787535212951 ], [ 79.825419794348036, 28.876439054550261 ], [ 79.615830282156992, 28.826693399216293 ], [ 79.574104494078441, 28.903861572549054 ], [ 79.452549361387497, 28.866704338814479 ], [ 79.356032527360441, 28.967035919937889 ], [ 79.165187441185537, 29.012317173149775 ], [ 79.149585979114647, 29.125506553866369 ], [ 79.053997746602022, 29.148026146644224 ], [ 78.952520631209936, 29.122640755750414 ], [ 78.87630635286024, 29.193070759012944 ], [ 78.710614466417141, 29.303722612215463 ], [ 78.798836041925455, 29.317141975464811 ], [ 78.960074534106326, 29.42712807478626 ], [ 78.740954590479092, 29.471330804049881 ], [ 78.560720271514398, 29.593455548543155 ], [ 78.523239396728272, 29.729998824208828 ], [ 78.309833539572253, 29.785494050429289 ], [ 78.148990810038129, 29.668769523172916 ], [ 77.973643495067108, 29.593292897046926 ], [ 77.956772899226095, 29.700284183765518 ], [ 77.848275195444614, 29.673884273848419 ], [ 77.764651762569542, 29.725550441957157 ], [ 77.72350926534827, 29.939263335870184 ], [ 77.828639451534258, 30.07902800539128 ], [ 77.947966746696736, 30.213086983703857 ], [ 77.602231259869725, 30.364262276069834 ], [ 77.818479998804065, 30.471790000641427 ], [ 77.739439998723682, 30.520430000489576 ], [ 77.780619999160422, 30.599200000260726 ], [ 77.740579999346167, 30.729319999938355 ], [ 77.802119999669046, 30.793070000284075 ], [ 77.774569998995048, 30.858120000056562 ], [ 77.841769999519769, 30.95703000041982 ], [ 77.946959999371956, 31.098310000350804 ], [ 78.092069999773301, 31.085479999858748 ], [ 78.331029999521775, 31.225700000471903 ], [ 78.485269999603702, 31.147750000107653 ], [ 78.770119999550971, 31.123230000297291 ], [ 78.92285000040178, 31.033840000150285 ], [ 78.989690000102712, 31.047110000099316 ], [ 78.937729999918005, 31.191180000509128 ], [ 79.078320000402755, 31.401769999926252 ], [ 79.160959999544673, 31.377800000015132 ], [ 79.295890000286093, 31.247710000031475 ], [ 79.419120000100222, 31.000850000485578 ], [ 79.649520000364021, 30.892390000352435 ], [ 79.878960000176349, 30.924620000372318 ], [ 80.115590000014933, 30.715340000215132 ], [ 80.148439999875009, 30.74827000073147 ], [ 80.224109999549654, 30.721150000363586 ], [ 80.204400000209731, 30.540390000125345 ], [ 80.561460000323848, 30.395340000386732 ], [ 80.637710000243203, 30.403349999867498 ], [ 81.087290000472464, 30.131109999928444 ], [ 80.868140000070511, 30.137040000237967 ], [ 80.785659999544947, 30.040780000070793 ], [ 80.785890000469465, 29.958840000322922 ], [ 80.607460000141145, 29.960079999994036 ], [ 80.527019999817597, 29.897160000253468 ], [ 80.380319999950132, 29.573300000497369 ], [ 80.233449999640271, 29.426320000080715 ], [ 80.22562999994976, 29.354560000298296 ], [ 80.320500000317708, 29.255029999868277 ], [ 80.310620000509886, 29.187930000220121 ], [ 80.102290000188859, 29.029440000081106 ], [ 80.065550000067248, 28.88504999994591 ], [ 80.05306493570103, 28.799009319409642 ] ] ] } },
{ "type": "Feature", "properties": { "rid": 26, "name": "WEST RAJASTHAN", "zone": "NW", "imd_region": "NORTH WEST INDIA", "STATE": "RAJASTHAN" }, "geometry": { "type": "Polygon", "coordinates": [ [ [ 75.661410132740301, 28.462298352995866 ], [ 75.354659742329346, 28.325006038590626 ], [ 75.217214390808223, 28.476420827332277 ], [ 74.906894051318602, 28.248542555356259 ], [ 74.764215253263046, 27.927852642261737 ], [ 74.651722333586832, 27.651346669941248 ], [ 74.833237201178136, 27.273902924887174 ], [ 75.066405431514696, 27.398324884923451 ], [ 75.197924202936292, 27.332429323615518 ], [ 75.074774239507448, 27.241516919967545 ], [ 75.382927326207479, 27.154216245106586 ], [ 75.157144319400032, 26.887767180962538 ], [ 74.911002311133814, 27.020188474170332 ], [ 74.668449054491006, 26.795231789269078 ], [ 74.696138903792615, 26.582248235867628 ], [ 74.567796389582668, 26.605044332159025 ], [ 74.249396283689123, 26.347579934002681 ], [ 74.415496766222603, 26.212579225342346 ], [ 74.149751533518682, 25.886133302796694 ], [ 73.992444432241342, 25.878583966808943 ], [ 73.798972373936522, 25.426861439066798 ], [ 73.517319447274303, 25.156061889418691 ], [ 73.214698570085289, 24.7413302310561 ], [ 72.999711728822092, 24.929390357499557 ], [ 73.085822077078788, 25.048007006623358 ], [ 73.037215914830028, 25.073888266631226 ], [ 73.012332809605311, 25.215016233382119 ], [ 72.851547122975802, 25.277403335799256 ], [ 72.735396851991624, 25.142728787972384 ], [ 72.501863834504988, 24.901657581179869 ], [ 72.497052017205206, 24.744798763044695 ], [ 72.372865596733305, 24.737649065361563 ], [ 72.167844313709935, 24.594630951693944 ], [ 71.915199459530584, 24.683549870077304 ], [ 71.743259384406784, 24.676699849230591 ], [ 71.715359375785312, 24.637159845267885 ], [ 71.402309203108558, 24.70439979888128 ], [ 71.290829139478831, 24.68733977944289 ], [ 71.118879034613371, 24.648689746337393 ], [ 71.071928993712547, 24.690119736401677 ], [ 71.013908952521646, 24.688549723360456 ], [ 70.978438917887203, 24.726469716166466 ], [ 70.779478681371415, 25.057459669197641 ], [ 70.751568621374474, 25.205389663221631 ], [ 70.577098388921897, 25.434269615980817 ], [ 70.544718268179011, 25.760679608984379 ], [ 70.21093784481296, 25.757359498163517 ], [ 70.032557535130948, 25.89177942919558 ], [ 69.973697368553061, 26.090289406463249 ], [ 70.056877452809644, 26.238369442807841 ], [ 70.055257317252554, 26.634729447161099 ], [ 69.75583675628414, 26.647869315416852 ], [ 69.454056018794532, 26.816119157191054 ], [ 69.377605772166831, 26.935129114550282 ], [ 69.52143597852222, 27.26493920482358 ], [ 69.981056852195024, 27.649439432009039 ], [ 70.179577138329904, 27.974949512451602 ], [ 70.450437571647313, 28.109659603043557 ], [ 70.583107791693394, 28.037419640880991 ], [ 70.684167980280463, 27.810179665274624 ], [ 70.837688188786871, 27.766489702477056 ], [ 71.259718635082407, 27.901519788339019 ], [ 71.654438976373285, 27.910169848449815 ], [ 71.829079097564801, 27.970519869278295 ], [ 71.890499124131622, 28.151139877070879 ], [ 72.176799281772631, 28.43765990584653 ], [ 72.365019363899791, 28.778639921383796 ], [ 72.626299481510671, 28.901599938649497 ], [ 72.931329594559898, 29.079159954943407 ], [ 73.101569645574926, 29.268919961896557 ], [ 73.30208969733502, 29.610009969853255 ], [ 73.425159723273737, 29.963229973337128 ], [ 73.803469805140764, 30.081249982555534 ], [ 73.969639832889442, 30.183899985911975 ], [ 73.877119818609259, 30.027299984052338 ], [ 73.900459823829848, 29.975459984243443 ], [ 74.445759899374565, 29.952979991903526 ], [ 74.504719905165373, 29.938689992685028 ], [ 74.553949910354689, 29.932669992535214 ], [ 74.47632990349976, 29.750209992110396 ], [ 74.596699915116034, 29.685249993206941 ], [ 74.595179916395551, 29.47538999321084 ], [ 74.52240990992469, 29.419599992074971 ], [ 74.59006991703211, 29.295189993250357 ], [ 74.893849940438699, 29.349349995220262 ], [ 74.913859942363857, 29.273889995370848 ], [ 75.16630995715316, 29.248799996549678 ], [ 75.203929958857074, 29.208919997188659 ], [ 75.309589963498922, 29.289959997312174 ], [ 75.315379964504871, 29.235839997137788 ], [ 75.383529967356694, 29.228809997309707 ], [ 75.37878996755731, 29.033499997419398 ], [ 75.49502997173208, 28.979999998151076 ], [ 75.456329970329406, 28.904029997860501 ], [ 75.523049973658956, 28.646189997928733 ], [ 75.616359976889584, 28.49313999864464 ], [ 75.661410132740301, 28.462298352995866 ] ] ] } },
{ "type": "Feature", "properties": { "rid": 27, "name": "WEST UTTAR PRADESH", "zone": "NW", "imd_region": "NORTH WEST INDIA", "STATE": "UTTAR PRADESH" }, "geometry": { "type": "Polygon", "coordinates": [ [ [ 80.403110886684203, 28.604933331085277 ], [ 80.44745945107573, 28.476631353418316 ], [ 80.309709904355017, 28.461672609478011 ], [ 80.399616980344447, 28.333132739311029 ], [ 80.287254574685022, 28.18213008751755 ], [ 80.239447761468426, 28.081563687855795 ], [ 80.054841037068968, 27.944283859160549 ], [ 80.072684242354555, 27.743783493847104 ], [ 79.839918190796652, 27.670378224269715 ], [ 79.759045428931401, 27.70550149898795 ], [ 79.711674957694925, 27.626256624681332 ], [ 79.753591778081898, 27.476176306085758 ], [ 79.657116950969069, 27.482443934836137 ], [ 79.623110832742753, 27.63257036556109 ], [ 79.502852259226685, 27.60266652572648 ], [ 79.243733077651754, 27.714250866043045 ], [ 79.147644088710393, 27.684343657152805 ], [ 79.238782450109397, 27.520763060741384 ], [ 79.272705930242211, 27.406562989353983 ], [ 79.306770638649169, 27.278023611229028 ], [ 79.437937057825536, 27.071773080834635 ], [ 79.343697311331809, 26.948894920855555 ], [ 79.54464541966729, 26.865129554510478 ], [ 79.63217271410052, 26.894665166027092 ], [ 79.777163545502731, 26.788510174921178 ], [ 79.673961817488021, 26.737422638544491 ], [ 79.714665245999171, 26.666140591617328 ], [ 79.636363318679159, 26.543594768301979 ], [ 79.519168442482382, 26.363286265248913 ], [ 79.560176094361424, 26.263383669084021 ], [ 79.743881323038963, 26.179114098647322 ], [ 79.863839947256153, 26.094113615252056 ], [ 79.966633600355237, 26.13788644935595 ], [ 79.967263286546284, 26.066224498810225 ], [ 80.094273567486496, 26.059910417168059 ], [ 80.09482358524383, 25.988244980687735 ], [ 80.214150318113525, 25.931605702421766 ], [ 80.301337613723618, 25.932052347479463 ], [ 80.364978120196199, 25.889341558871489 ], [ 80.246491603007769, 25.831436741506174 ], [ 80.350186990397503, 25.695756715142569 ], [ 80.271734669175856, 25.587874228682043 ], [ 80.14634853616009, 25.436679931523184 ], [ 80.103281157677259, 25.282554576821145 ], [ 80.090900000122119, 25.278630000434667 ], [ 79.934000000392984, 25.169269999747765 ], [ 79.819309999687363, 25.149129999638202 ], [ 79.823589999740236, 25.033540000373097 ], [ 79.560389999698913, 25.074969999699206 ], [ 79.353459999725871, 24.989440000473341 ], [ 79.44885999956125, 25.190939999917955 ], [ 79.283440000323921, 25.25728999987852 ], [ 79.248169999627748, 25.264319999931136 ], [ 79.236739999640506, 25.188720000407901 ], [ 79.270119999755508, 25.045350000162212 ], [ 79.124689999839859, 25.045080000136419 ], [ 78.99568000026774, 25.113680000276556 ], [ 79.027470000251469, 25.163529999866746 ], [ 78.959150000273908, 25.186949999850405 ], [ 78.851239999833808, 25.114159999791575 ], [ 78.882869999794465, 25.242610000411752 ], [ 78.833160000314678, 25.261069999705743 ], [ 78.763629999631902, 25.179360000128018 ], [ 78.737960000219672, 25.208940000341293 ], [ 78.860999999976599, 25.330840000373716 ], [ 78.917089999832172, 25.322729999860503 ], [ 78.908530000470819, 25.479879999824377 ], [ 78.861949999539405, 25.503979999996893 ], [ 78.817020000104549, 25.398449999969987 ], [ 78.713249999471586, 25.329369999709304 ], [ 78.570170000265463, 25.379799999921275 ], [ 78.399089999534596, 25.217410000262603 ], [ 78.534509999922761, 25.134940000161475 ], [ 78.590369999563322, 24.899590000068528 ], [ 78.745199999899668, 24.820550000057434 ], [ 78.700830000130168, 24.547939999848246 ], [ 78.860049999835354, 24.520859999672233 ], [ 78.896279999977352, 24.43040000031343 ], [ 78.863790000442165, 24.395619999702536 ], [ 78.961810000033594, 24.36998000006426 ], [ 78.979179999782289, 24.351780000306103 ], [ 78.927939999915864, 24.305810000489522 ], [ 78.835550000019026, 24.185240000251905 ], [ 78.856640000431497, 24.130939999828271 ], [ 78.741360000401528, 24.077909999642817 ], [ 78.495409999924334, 24.292599999917513 ], [ 78.334469999980456, 24.217910000461575 ], [ 78.190179999887974, 24.414349999823596 ], [ 78.148279999591452, 24.487650000228449 ], [ 78.251829999700462, 24.616879999925963 ], [ 78.110080000294801, 24.789360000363111 ], [ 78.135469999803917, 24.857430000202552 ], [ 78.310399999536287, 24.931119999812942 ], [ 78.295229999504315, 24.979530000210861 ], [ 78.388470000276527, 25.073570000526232 ], [ 78.250009999764387, 25.296079999720948 ], [ 78.397429999775298, 25.498459999777648 ], [ 78.445500000333283, 25.516070000183031 ], [ 78.541230000099119, 25.507750000483728 ], [ 78.623350000353483, 25.492890000459752 ], [ 78.7723800001868, 25.598449999893916 ], [ 78.754749999539243, 25.701670000231754 ], [ 78.844530000422949, 25.711240000415941 ], [ 78.853190000318151, 25.830249999913271 ], [ 78.89385000010607, 25.827970000409998 ], [ 78.912959999643235, 25.85518999993792 ], [ 78.985239999696574, 25.964069999958539 ], [ 78.928190000035471, 25.995809999824601 ], [ 78.932270000156592, 26.074159999686156 ], [ 79.015249999657456, 26.194179999772661 ], [ 79.084530000154388, 26.216119999950326 ], [ 79.088300000462141, 26.346320000425333 ], [ 78.992040000000642, 26.517120000041551 ], [ 78.817189999843237, 26.670760000167434 ], [ 78.617019999428933, 26.717610000383189 ], [ 78.518809999927555, 26.704610000487182 ], [ 78.419369999741349, 26.776660000067576 ], [ 78.314360000251824, 26.763280000394261 ], [ 78.022900000020044, 26.626560000528809 ], [ 78.079119999505792, 26.721440000428 ], [ 78.234089999798357, 26.823179999822351 ], [ 78.199979999533355, 26.889350000201773 ], [ 78.082399999636607, 26.885359999743134 ], [ 78.000880000013964, 26.781250000320458 ], [ 77.797709999927889, 26.841629999978696 ], [ 77.46692999859502, 26.772230000313439 ], [ 77.442469999116113, 26.67994999995517 ], [ 77.399569999241407, 26.70456999985603 ], [ 77.436699998580494, 26.826019999973656 ], [ 77.710099999020571, 26.945619999690791 ], [ 77.476229998816208, 27.017090000456836 ], [ 77.566729999295049, 27.058220000411307 ], [ 77.64510999922004, 27.191579999938671 ], [ 77.589329998703462, 27.179559999770589 ], [ 77.397579998881724, 27.37395000040943 ], [ 77.261689998026526, 27.743619999781917 ], [ 77.28391999835803, 27.775510000381001 ], [ 77.297749998756018, 27.817729999654425 ], [ 77.440299998946386, 27.845529999740744 ], [ 77.467889998850509, 27.886749999682902 ], [ 77.407089998790966, 28.012690000463714 ], [ 77.443179998558321, 28.062310000370076 ], [ 77.494909998442907, 28.321900000477807 ], [ 77.31747999789205, 28.447009999887982 ], [ 77.302219998166194, 28.612930000091904 ], [ 77.161499998081453, 28.829249999910225 ], [ 77.106639997275693, 29.031300000381904 ], [ 77.090869996863304, 29.138790000102382 ], [ 77.090949997331691, 29.191100000312435 ], [ 77.139949997419436, 29.226520000443209 ], [ 77.13266999701473, 29.320840000332534 ], [ 77.016449996780111, 29.48811000048229 ], [ 77.064919996735867, 29.582200000231875 ], [ 77.130039997925152, 29.63527000031803 ], [ 77.155879997911555, 29.762000000056386 ], [ 77.154049997827784, 29.916650000144003 ], [ 77.201119998180204, 29.948229999839281 ], [ 77.246119998250606, 30.003070000584909 ], [ 77.448429998764411, 30.091930000617044 ], [ 77.604549999302762, 30.326749999816808 ], [ 77.588629998655577, 30.357479999954784 ], [ 77.602231259869725, 30.364262276069834 ], [ 77.947966746696736, 30.213086983703857 ], [ 77.828639451534258, 30.07902800539128 ], [ 77.72350926534827, 29.939263335870184 ], [ 77.764651762569542, 29.725550441957157 ], [ 77.848275195444614, 29.673884273848419 ], [ 77.956772899226095, 29.700284183765518 ], [ 77.973643495067108, 29.593292897046926 ], [ 78.148990810038129, 29.668769523172916 ], [ 78.309833539572253, 29.785494050429289 ], [ 78.523239396728272, 29.729998824208828 ], [ 78.560720271514398, 29.593455548543155 ], [ 78.740954590479092, 29.471330804049881 ], [ 78.960074534106326, 29.42712807478626 ], [ 78.798836041925455, 29.317141975464811 ], [ 78.710614466417141, 29.303722612215463 ], [ 78.87630635286024, 29.193070759012944 ], [ 78.952520631209936, 29.122640755750414 ], [ 79.053997746602022, 29.148026146644224 ], [ 79.149585979114647, 29.125506553866369 ], [ 79.165187441185537, 29.012317173149775 ], [ 79.356032527360441, 28.967035919937889 ], [ 79.452549361387497, 28.866704338814479 ], [ 79.574104494078441, 28.903861572549054 ], [ 79.615830282156992, 28.826693399216293 ], [ 79.825419794348036, 28.876439054550261 ], [ 79.866110294413218, 28.876787535212951 ], [ 79.833001171475374, 28.804867449835228 ], [ 79.96224186554663, 28.758163069263631 ], [ 80.05306493570103, 28.799009319409642 ], [ 80.052140000139005, 28.792629999886259 ], [ 80.306910000232762, 28.690479999783168 ], [ 80.278629999872436, 28.655350000230044 ], [ 80.403110886684203, 28.604933331085277 ] ] ] } },
{ "type": "Feature", "properties": { "rid": 28, "name": "COASTAL ANDHRA PRADESH", "zone": "South", "imd_region": "SOUTH PENINSULA", "STATE": "ANDHRA PRADESH" }, "geometry": { "type": "Polygon", "coordinates": [ [ [ 80.273190000375109, 13.400759999836666 ], [ 80.178409999636287, 13.441910000297622 ], [ 80.047480997835621, 13.48797131836492 ], [ 79.954324951779569, 13.668378723882173 ], [ 79.748295505770216, 13.772668257122113 ], [ 79.718302465884292, 13.887323507066746 ], [ 79.640460099645225, 13.800798055496893 ], [ 79.57129450997823, 13.905641859560147 ], [ 79.434194318413077, 13.904800604658654 ], [ 79.441850974249036, 14.220536688101658 ], [ 79.322404248252241, 14.458867567330016 ], [ 79.203459928833738, 14.601463473595517 ], [ 79.112597986475265, 14.887675628970822 ], [ 79.060839371339569, 15.174159180801524 ], [ 78.932652185946964, 15.192145574668242 ], [ 78.745170282154646, 15.228593388869207 ], [ 78.827393664386634, 15.84138898504249 ], [ 78.92469353894181, 15.985780022074179 ], [ 78.915270274752999, 16.083304561769271 ], [ 78.917522987625588, 16.081334361573443 ], [ 78.928703991983028, 16.194995796630071 ], [ 79.064298195789348, 16.24408896804924 ], [ 79.20067575966759, 16.215404478933216 ], [ 79.21125691198624, 16.412742203387459 ], [ 79.234726178908289, 16.556393535128574 ], [ 79.420299795647196, 16.599726183831784 ], [ 79.630518977478346, 16.678931856286713 ], [ 79.791474551024905, 16.727760576667951 ], [ 79.878540480739858, 16.692380626318521 ], [ 79.928530580774037, 16.626880727430535 ], [ 80.076639468943554, 16.777062529941187 ], [ 79.995394047803558, 16.884297657851434 ], [ 80.112899545757557, 16.986478657579319 ], [ 80.205919555776561, 17.028714030975923 ], [ 80.305507821198688, 16.987226052790014 ], [ 80.355682366273243, 16.849873211734099 ], [ 80.393031064864275, 16.820091495866869 ], [ 80.511075456064205, 16.784530756745959 ], [ 80.604192360808042, 16.77875144949493 ], [ 80.572984360395935, 16.856419564679697 ], [ 80.597682338099816, 16.92224109723217 ], [ 80.504385309868312, 16.96986939028152 ], [ 80.498330845677472, 16.910063184645697 ], [ 80.404940895660459, 16.981561612043592 ], [ 80.398402777620532, 17.083185472909669 ], [ 80.466921636817645, 17.035544796572211 ], [ 80.516565791259026, 17.065564364511701 ], [ 80.559882293231894, 17.149370126589165 ], [ 80.659451718671889, 17.113687637662284 ], [ 80.672023292713646, 17.03597916483168 ], [ 80.70925958206341, 17.071911036120184 ], [ 80.833621909627851, 17.036175652676878 ], [ 80.883266729100185, 17.161774017887183 ], [ 80.939242717651993, 17.161798612188694 ], [ 80.926775399562743, 17.233544592789709 ], [ 80.995218309856142, 17.17974528199392 ], [ 81.181875365699497, 17.233475729565949 ], [ 81.175738462665706, 17.323167821014156 ], [ 81.250437541043581, 17.323088366307474 ], [ 81.319045756768503, 17.400717929543102 ], [ 81.381246157261103, 17.364735024545372 ], [ 81.512329235887108, 17.484019023843977 ], [ 81.537602268017594, 17.603527394767454 ], [ 81.587863997720845, 17.722957076295025 ], [ 81.719080961729119, 17.776326621970412 ], [ 81.794383613769696, 17.871689032431163 ], [ 81.806582797118097, 17.906234874413475 ], [ 81.908110000028216, 17.937920000385557 ], [ 82.000630000211657, 17.953540000149015 ], [ 82.117179999541378, 18.024569999722534 ], [ 82.240229999633996, 17.992319999890697 ], [ 82.285390000095092, 18.025159999584282 ], [ 82.365359999684046, 18.249839999909518 ], [ 82.33528000030968, 18.397030000088584 ], [ 82.390659999852375, 18.454789999924174 ], [ 82.521050000019756, 18.441780000346352 ], [ 82.578970000403856, 18.214249999793473 ], [ 82.641190000237202, 18.209600000031422 ], [ 82.805769999891695, 18.334310000462324 ], [ 82.8332400003804, 18.40540000004788 ], [ 82.924679999867394, 18.33980999968459 ], [ 83.055140000397358, 18.33667000001909 ], [ 83.020559999723289, 18.585300000082821 ], [ 83.145179999551715, 18.733619999874186 ], [ 83.254389999939136, 18.727959999582314 ], [ 83.406680000440488, 18.829170000019847 ], [ 83.323780000026957, 18.935669999724869 ], [ 83.353550000140856, 18.959260000368282 ], [ 83.443199999541619, 18.946430000172789 ], [ 83.638309999665339, 19.117219999972917 ], [ 83.674479999792752, 18.978119999714757 ], [ 83.771580000103029, 18.9036900000971 ], [ 83.79377999964268, 18.935739999718781 ], [ 83.815100000138457, 18.972449999856124 ], [ 83.879489999491597, 18.791830000448702 ], [ 84.281490000224807, 18.740190000001949 ], [ 84.391660000104693, 18.851870000264004 ], [ 84.416540000107418, 18.94788999960041 ], [ 84.641139999934254, 19.052030000159185 ], [ 84.621959999859243, 19.103580000335299 ], [ 84.731829999835526, 19.079469999932581 ], [ 84.782069999445042, 19.020610000015846 ], [ 84.097609999562067, 18.225019999751542 ], [ 83.753389999616559, 18.061440000247018 ], [ 83.625989999680229, 17.968319999779574 ], [ 83.487049999714728, 17.874410000453008 ], [ 83.373310000408765, 17.671210000043356 ], [ 83.232909999979015, 17.584590000276346 ], [ 83.219120000342429, 17.521650000029627 ], [ 82.578080000397719, 17.196750000043643 ], [ 82.289329999829036, 16.890470000451195 ], [ 82.321029999914458, 16.806400000056819 ], [ 82.369790000097808, 16.907949999793324 ], [ 82.416530000021041, 16.864540000120002 ], [ 82.344180000399248, 16.664810000065618 ], [ 82.318740000280869, 16.498809999621379 ], [ 81.718490000110819, 16.276640000387133 ], [ 81.645380000132846, 16.285769999616178 ], [ 81.59736000015873, 16.30021000014591 ], [ 81.33915000034709, 16.296179999928569 ], [ 81.197799999775484, 15.955420000144782 ], [ 81.051569999534109, 15.806969999751789 ], [ 81.038499999961175, 15.723440000351381 ], [ 80.854559999719001, 15.63739999998257 ], [ 80.789240000451954, 15.802269999561414 ], [ 80.583660000394218, 15.807159999699048 ], [ 80.4343900003052, 15.71496999978914 ], [ 80.330409999717816, 15.630860000287731 ], [ 80.22798999996057, 15.37109999969131 ], [ 80.129100000024266, 15.296170000377893 ], [ 80.052830000174893, 14.96010999978178 ], [ 80.16759999967519, 14.535359999896668 ], [ 80.183260000088509, 14.294829999932121 ], [ 80.165889999537299, 14.202040000035415 ], [ 80.059069999794673, 14.133650000028318 ], [ 80.153309999814994, 14.112959999604225 ], [ 80.264659999699617, 13.747810000439584 ], [ 80.309199999601447, 13.385779999589925 ], [ 80.273190000375109, 13.400759999836666 ] ] ] } },
{ "type": "Feature", "properties": { "rid": 29, "name": "COASTAL KARNATAKA", "zone": "South", "imd_region": "SOUTH PENINSULA", "STATE": "KARNATAKA" }, "geometry": { "type": "Polygon", "coordinates": [ [ [ 75.373551441516085, 12.484789205829706 ], [ 75.373670035365919, 12.485169997320446 ], [ 75.367745621881866, 12.484667635255688 ], [ 75.271870040331095, 12.476519997397105 ], [ 75.283440039223336, 12.548149997649412 ], [ 75.109500047949837, 12.630579996103918 ], [ 75.109380047561103, 12.675079996634107 ], [ 75.044840051838918, 12.646739996551556 ], [ 74.959950055848452, 12.753299995305539 ], [ 74.869890062518238, 12.724319994827221 ], [ 74.78017006769015, 12.903029994939182 ], [ 74.670840071032572, 13.351259993719168 ], [ 74.651890070383828, 13.600449993701677 ], [ 74.704540066543416, 13.585019994042238 ], [ 74.694900066665639, 13.626559993641024 ], [ 74.649220070642187, 13.629159993499906 ], [ 74.56416007411417, 13.893489992436567 ], [ 74.482890079371231, 14.011229992103939 ], [ 74.36430008253744, 14.504139990116808 ], [ 74.313640087382922, 14.506539989255094 ], [ 74.250270088947161, 14.751069989046542 ], [ 74.185400094049442, 14.812519987817044 ], [ 74.22776008880399, 14.86846998880827 ], [ 74.12498009858831, 14.883379986778101 ], [ 74.094550100489045, 14.942019986287733 ], [ 74.219280087971711, 14.963009988615973 ], [ 74.264440081064691, 15.189079988696417 ], [ 74.195460085810893, 15.25509998763034 ], [ 74.291560076529876, 15.312449989360337 ], [ 74.28469007603988, 15.351299989064254 ], [ 74.212460080668194, 15.460929988138897 ], [ 74.228413575758893, 15.536697779253615 ], [ 74.428256003561927, 15.507699784660504 ], [ 74.422067271800302, 15.393348221522361 ], [ 74.529258992701401, 15.415537033755621 ], [ 74.639394468352634, 15.342591746062702 ], [ 74.715503205590224, 15.420906122371342 ], [ 74.897281001751026, 15.245088326541463 ], [ 74.841811457472858, 15.129320646923416 ], [ 74.91308584202848, 15.036042788514521 ], [ 75.058369017199837, 15.097045694813337 ], [ 75.094044827647366, 14.869397184519519 ], [ 75.011214521472525, 14.676781137316336 ], [ 75.07115662239525, 14.630704357480063 ], [ 75.026907964495848, 14.458149796059486 ], [ 74.956218092769134, 14.54203985289176 ], [ 74.889674910607226, 14.47365858967032 ], [ 74.991674742764488, 14.314408397944876 ], [ 74.894604867022124, 14.292882771619219 ], [ 74.906157964379332, 14.226529902367679 ], [ 74.758554625937435, 14.270301834690859 ], [ 74.761696135090929, 14.156154641089303 ], [ 74.644197108765795, 14.172094994516719 ], [ 74.698431619523305, 13.973651925352899 ], [ 74.83733690779313, 13.882026467579115 ], [ 74.955445912244869, 13.837376428169192 ], [ 75.008515896021606, 13.667270153205854 ], [ 75.071659069542946, 13.47831418826126 ], [ 75.140906776801771, 13.432319846528609 ], [ 75.075402388308305, 13.326018679292273 ], [ 75.223930991396813, 13.215139118668784 ], [ 75.285120590401689, 13.092664614087957 ], [ 75.37059746865927, 13.180306238505382 ], [ 75.569410536163517, 12.9844491933945 ], [ 75.671612786469154, 12.748249343127645 ], [ 75.655781362983291, 12.576341789450812 ], [ 75.550890931109763, 12.488442319913686 ], [ 75.373551441516085, 12.484789205829706 ] ] ] } },
{ "type": "Feature", "properties": { "rid": 30, "name": "KERALA", "zone": "South", "imd_region": "SOUTH PENINSULA", "STATE": "KERALA" }, "geometry": { "type": "Polygon", "coordinates": [ [ [ 75.496630033304541, 11.664129998001579 ], [ 75.351540039126434, 11.800019998022551 ], [ 75.20663004572225, 11.980439996708276 ], [ 74.955080058755428, 12.455579995631583 ], [ 74.869890062518238, 12.724319994827221 ], [ 74.959950055848452, 12.753299995305539 ], [ 75.044840051838918, 12.646739996551556 ], [ 75.109380047561103, 12.675079996634107 ], [ 75.109500047949837, 12.630579996103918 ], [ 75.283440039223336, 12.548149997649412 ], [ 75.271870040331095, 12.476519997397105 ], [ 75.373670035365919, 12.485169997320446 ], [ 75.342000037307599, 12.383469997193158 ], [ 75.399280035233332, 12.31330999789769 ], [ 75.530140030037529, 12.15382999836973 ], [ 75.727960023361277, 12.071559999014289 ], [ 75.826000021515455, 11.930769998535762 ], [ 75.915360018612404, 11.88795999870908 ], [ 75.944530017928088, 11.888489998567785 ], [ 76.070810015395622, 11.931489998884329 ], [ 76.083630015483209, 11.85113999892817 ], [ 76.326880010492815, 11.72187999918018 ], [ 76.40288000959373, 11.624039999962564 ], [ 76.3179100112242, 11.538439999615751 ], [ 76.215900012497144, 11.515479999530728 ], [ 76.219440013070042, 11.423909999148423 ], [ 76.483480008810247, 11.304159999812974 ], [ 76.503200008534151, 11.248019999931453 ], [ 76.431440010179529, 11.164579999483067 ], [ 76.562860008124204, 11.157349999383198 ], [ 76.693630006277516, 11.190719999544104 ], [ 76.684070006953831, 11.08327999973876 ], [ 76.763890005854975, 11.013210000178699 ], [ 76.653230007376436, 10.959839999530741 ], [ 76.624730007617956, 10.867889999903891 ], [ 76.7347700064891, 10.837119999915567 ], [ 76.851710005655917, 10.717650000225579 ], [ 76.758190005836752, 10.593450000183859 ], [ 76.780180006149749, 10.316609999625534 ], [ 76.79661000608985, 10.279899999705298 ], [ 76.807380006301983, 10.246800000108832 ], [ 76.90804000480621, 10.192760000254705 ], [ 77.155530003009957, 10.317789999539757 ], [ 77.243910003224883, 10.196949999828874 ], [ 77.240690003016951, 10.157209999660141 ], [ 77.215580002814008, 10.079370000239551 ], [ 77.175740002865538, 10.05950999959617 ], [ 77.221530002751194, 9.908692999514797 ], [ 77.161310003429321, 9.531630999812959 ], [ 77.28582000257903, 9.539545999935884 ], [ 77.371770002793625, 9.431718999608496 ], [ 77.345290002847207, 9.392710999500377 ], [ 77.316130003046496, 9.346299000139387 ], [ 77.310360003107007, 9.288172999599949 ], [ 77.248120003159357, 9.216506999530704 ], [ 77.229160002941285, 9.102969000280032 ], [ 77.117160003585482, 8.944136999890643 ], [ 77.208240003586724, 8.784122999864978 ], [ 77.1384900036673, 8.666402999935544 ], [ 77.148790003627312, 8.588319000186393 ], [ 77.211120003428647, 8.491554999942935 ], [ 77.148570003830898, 8.395157000260319 ], [ 77.077480004271393, 8.184670999624753 ], [ 76.845210006007605, 8.403191999738127 ], [ 76.612520009104443, 8.730149000090396 ], [ 76.50655001011684, 8.809545999687053 ], [ 76.419560012285288, 9.075235999610223 ], [ 76.297110013902909, 9.33586599919874 ], [ 76.225040015258315, 9.828048999749537 ], [ 76.186760015332993, 9.935368998975248 ], [ 76.124200016517662, 10.141999999632006 ], [ 76.039980018899925, 10.351079998960246 ], [ 75.922810021632685, 10.609519999449134 ], [ 75.866680022482015, 10.657459999177716 ], [ 75.938040020791973, 10.786329998643229 ], [ 75.860540022606131, 10.776589999245443 ], [ 75.780340024231975, 11.128329998468216 ], [ 75.671640027306083, 11.347359998094051 ], [ 75.496630033304541, 11.664129998001579 ] ], [ [ 75.496630033304541, 11.664129998001579 ], [ 75.536280032385335, 11.614019997947972 ], [ 75.580060029990406, 11.632479997874722 ], [ 75.61713002844705, 11.658219997973509 ], [ 75.592140029341138, 11.709829997893968 ], [ 75.585850030030983, 11.713149998009266 ], [ 75.496630033304541, 11.664129998001579 ] ] ] } },
{ "type": "Feature", "properties": { "rid": 31, "name": "N. I. KARNATAKA", "zone": "South", "imd_region": "SOUTH PENINSULA", "STATE": "KARNATAKA" }, "geometry": { "type": "Polygon", "coordinates": [ [ [ 77.049939600596986, 15.821112077601864 ], [ 76.918349951989299, 15.73030963222825 ], [ 76.846483274746532, 15.628713167555368 ], [ 76.812167268296093, 15.499186728765586 ], [ 76.657934948987389, 15.460414503480568 ], [ 76.490735033651504, 15.342556606288655 ], [ 76.37294956190992, 15.332984321048531 ], [ 76.250724517898206, 15.194468038132463 ], [ 76.17643252958473, 15.221501926832422 ], [ 76.059778392562549, 15.168889427027395 ], [ 75.906407051268076, 15.115405608216511 ], [ 75.842089983446954, 15.035281435316051 ], [ 75.770640114777478, 14.947838667908586 ], [ 75.660569713052951, 14.938136280766599 ], [ 75.735631382657843, 14.875531276904409 ], [ 75.656396961486919, 14.809350809770775 ], [ 75.717578342960081, 14.710666543554767 ], [ 75.828728619858651, 14.670273626785949 ], [ 75.788557952355035, 14.504908258239437 ], [ 75.635557352802238, 14.458558230802632 ], [ 75.638806927180283, 14.322798200446195 ], [ 75.573888656715397, 14.278428711277988 ], [ 75.462957955806331, 14.318752238020549 ], [ 75.365399076095315, 14.409352998483572 ], [ 75.295978695996723, 14.543446379181072 ], [ 75.198432163854605, 14.626775981390781 ], [ 75.071089361203363, 14.630442104213847 ], [ 75.07115662239525, 14.630704357480063 ], [ 75.011214521472525, 14.676781137316336 ], [ 75.094044827647366, 14.869397184519519 ], [ 75.058369017199837, 15.097045694813337 ], [ 74.91308584202848, 15.036042788514521 ], [ 74.841811457472858, 15.129320646923416 ], [ 74.897281001751026, 15.245088326541463 ], [ 74.715503205590224, 15.420906122371342 ], [ 74.639394468352634, 15.342591746062702 ], [ 74.529258992701401, 15.415537033755621 ], [ 74.422067271800302, 15.393348221522361 ], [ 74.428256003561927, 15.507699784660504 ], [ 74.228413575758893, 15.536697779253615 ], [ 74.230170077489632, 15.545039988202122 ], [ 74.239700074805597, 15.646599988728212 ], [ 74.082730088217247, 15.661009985939764 ], [ 74.10362008549194, 15.701539986205251 ], [ 74.149340079745954, 15.779909986696016 ], [ 74.199010076613376, 15.724529987448989 ], [ 74.316060067582427, 15.763839989593059 ], [ 74.418040057278361, 16.033219990860704 ], [ 74.346760061309695, 16.069509989581075 ], [ 74.46020005376333, 16.108639990896748 ], [ 74.438190053386478, 16.241009990429053 ], [ 74.306500059582149, 16.298069988913454 ], [ 74.325610057034226, 16.404539989334154 ], [ 74.237950060639847, 16.534269988421023 ], [ 74.366940052431431, 16.54503998950366 ], [ 74.434720047890536, 16.639709990496762 ], [ 74.543240042522527, 16.624749991924165 ], [ 74.545520043581902, 16.577399991907157 ], [ 74.651960038246472, 16.60229999245303 ], [ 74.677780035955436, 16.707369993193165 ], [ 74.899830027380375, 16.759629994922459 ], [ 74.919820025523663, 16.959929994848263 ], [ 75.062670021326412, 16.970569995487516 ], [ 75.191090019809778, 16.818129996755697 ], [ 75.313380016851326, 16.877409996684232 ], [ 75.268450016685236, 16.937809996796904 ], [ 75.355970015457487, 16.957289996904404 ], [ 75.689530010516933, 16.958299997754935 ], [ 75.635930009468268, 17.288159998384121 ], [ 75.602530009447662, 17.353499997955694 ], [ 75.668500008582129, 17.439339997853256 ], [ 75.898500007295894, 17.283729998734959 ], [ 76.021280005806872, 17.29517999930761 ], [ 76.063190005748424, 17.331209999289623 ], [ 76.36506000355331, 17.298029999604307 ], [ 76.392560003744691, 17.330989999606878 ], [ 76.329240003498299, 17.564189999763126 ], [ 76.401180003213341, 17.555079999428145 ], [ 76.443020002492688, 17.602189999279776 ], [ 76.546780002751404, 17.718959999157846 ], [ 76.714610002174467, 17.665589999922382 ], [ 76.812700001948969, 17.7849399994337 ], [ 76.762210001763663, 17.845580000108061 ], [ 76.892900001607771, 17.875189999702151 ], [ 76.960120000699476, 18.059089999573246 ], [ 76.928420001507064, 18.097709999348702 ], [ 77.121670000689647, 18.11959000029216 ], [ 77.215420000447693, 18.236799999541759 ], [ 77.183560000288807, 18.289390000090943 ], [ 77.283550000707947, 18.386199999554343 ], [ 77.393520000158915, 18.393880000204387 ], [ 77.381260000826913, 18.284140000022436 ], [ 77.569300000060338, 18.273019999824644 ], [ 77.583979999868006, 18.265729999507517 ], [ 77.625040000423809, 18.251249999963836 ], [ 77.587659999938651, 18.199809999827274 ], [ 77.608610000043953, 18.069010000363797 ], [ 77.552120000423045, 17.994149999594569 ], [ 77.579870000799261, 17.947030000255097 ], [ 77.644640000215745, 17.978299999905101 ], [ 77.674260000280611, 17.936760000084547 ], [ 77.528560000825138, 17.766279999713177 ], [ 77.457100000708962, 17.574150000044408 ], [ 77.513160000466812, 17.508740000232859 ], [ 77.707390000452264, 17.478980000328068 ], [ 77.574460000638368, 17.405269999561664 ], [ 77.387210000507636, 17.191500000231226 ], [ 77.48714000044771, 17.091240000238631 ], [ 77.439210000938829, 16.737610000246399 ], [ 77.470930000495656, 16.589249999887333 ], [ 77.401770001028581, 16.48630999975353 ], [ 77.303780001330011, 16.457369999962967 ], [ 77.299190000915857, 16.365320000343313 ], [ 77.512860000947114, 16.306230000211837 ], [ 77.489870000664737, 15.889689999853399 ], [ 77.194200001026132, 15.931089999740175 ], [ 77.048550002139919, 15.82805999987306 ], [ 77.049939600596986, 15.821112077601864 ] ] ] } },
{ "type": "Feature", "properties": { "rid": 32, "name": "RAYALASEEMA", "zone": "South", "imd_region": "SOUTH PENINSULA", "STATE": "ANDHRA PRADESH" }, "geometry": { "type": "Polygon", "coordinates": [ [ [ 78.915270274752999, 16.083304561769271 ], [ 78.92469353894181, 15.985780022074179 ], [ 78.827393664386634, 15.84138898504249 ], [ 78.745170282154632, 15.228593388869223 ], [ 78.932652185946964, 15.192145574668242 ], [ 79.060839371339569, 15.17415918080154 ], [ 79.112597986475265, 14.887675628970822 ], [ 79.203459928833723, 14.601463473595484 ], [ 79.322404248252241, 14.45886756733 ], [ 79.441850974249036, 14.220536688101658 ], [ 79.434194318413091, 13.904800604658654 ], [ 79.571294509978216, 13.905641859560147 ], [ 79.640460099645239, 13.800798055496873 ], [ 79.718302465884292, 13.887323507066711 ], [ 79.748295505770216, 13.772668257122113 ], [ 79.954324951779569, 13.668378723882141 ], [ 80.047480997835606, 13.48797131836492 ], [ 80.042789999904386, 13.489619999590898 ], [ 80.051229999885621, 13.425580000218176 ], [ 79.960010000306625, 13.309839999585716 ], [ 79.823429999777247, 13.259070000301231 ], [ 79.799710000193556, 13.207159999565961 ], [ 79.441309999813043, 13.30470999969442 ], [ 79.414060000190972, 13.155359999951267 ], [ 79.311940000120472, 13.061599999669545 ], [ 79.297870000454637, 13.004089999660431 ], [ 79.235429999892659, 12.986389999832035 ], [ 78.729449999721894, 13.073090000160265 ], [ 78.614310000271203, 13.003039999929726 ], [ 78.556059999761203, 12.776530000251846 ], [ 78.406039999988053, 12.59126999974295 ], [ 78.293130000269571, 12.656410000262706 ], [ 78.21900000035906, 12.708769999776461 ], [ 78.298230000261611, 12.857610000215502 ], [ 78.384960000234912, 12.902630000010674 ], [ 78.460950000102983, 12.859480000285661 ], [ 78.419840000414652, 12.921379999577548 ], [ 78.580779999714721, 13.226389999691419 ], [ 78.376580000049699, 13.283749999695976 ], [ 78.378680000392194, 13.523119999854877 ], [ 78.090279999920654, 13.610319999951738 ], [ 78.119679999915888, 13.727450000220255 ], [ 78.073210000404046, 13.825489999660212 ], [ 77.909800000444648, 13.812170000191795 ], [ 77.938350000845617, 13.908920000389914 ], [ 77.787250000979043, 13.894669999613393 ], [ 77.793900000937441, 13.80190999955164 ], [ 77.696860000946998, 13.718449999588577 ], [ 77.485400000972447, 13.678350000155621 ], [ 77.4340100015865, 13.686159999920669 ], [ 77.396420001464691, 13.807340000272559 ], [ 77.241330001498781, 13.815829999735453 ], [ 77.174060001915706, 13.86795999964286 ], [ 77.128530002704096, 13.859059999590452 ], [ 77.141590002027868, 13.737629999704527 ], [ 76.976670002836372, 13.705899999425448 ], [ 77.005370003166405, 13.891890000119977 ], [ 76.918020002768642, 14.074559999443672 ], [ 76.905800003183145, 14.128249999646078 ], [ 76.999870002777968, 14.143390000261594 ], [ 77.039960002330716, 14.002779999437003 ], [ 77.273430001844645, 13.980490000015216 ], [ 77.351860001069753, 13.872760000188698 ], [ 77.429500001605646, 13.901439999970057 ], [ 77.337650001495902, 14.020190000029691 ], [ 77.357660001554351, 14.094680000344709 ], [ 77.504360001253261, 14.171410000367967 ], [ 77.426070001224247, 14.264380000020783 ], [ 77.376330001462861, 14.279629999974272 ], [ 77.360570001249926, 14.167119999769872 ], [ 77.12897000240676, 14.314889999922666 ], [ 77.097140002720565, 14.20400999946188 ], [ 76.98559000278388, 14.209120000243679 ], [ 76.866970003284393, 14.303219999340671 ], [ 76.960270002670399, 14.442789999737643 ], [ 76.776030003445427, 14.511849999804177 ], [ 76.755980003629389, 14.573789999431385 ], [ 76.781080003064332, 14.740389999610288 ], [ 76.868220002879838, 14.854879999897889 ], [ 76.837360003377739, 14.934349999905928 ], [ 76.768330003806796, 14.945489999624233 ], [ 76.818640003445367, 15.032569999635871 ], [ 77.09988000186857, 14.971139999826082 ], [ 77.160130001666275, 15.113989999713377 ], [ 76.971960002560181, 15.479589999780982 ], [ 77.023960001803687, 15.465369999929715 ], [ 77.021820002045189, 15.614940000120829 ], [ 77.085760001457743, 15.641739999485313 ], [ 77.048550002139919, 15.82805999987306 ], [ 77.194200001026132, 15.931089999740175 ], [ 77.489870000664737, 15.889689999853399 ], [ 77.490833533461128, 15.907115648650628 ], [ 77.653815515180554, 15.90407356137899 ], [ 77.931815993012421, 15.884314646644508 ], [ 78.036534886236282, 15.897722301754388 ], [ 78.123948194546728, 15.827222285592986 ], [ 78.251888600860482, 15.948362564139616 ], [ 78.26935529235999, 16.026247739925729 ], [ 78.429254959487437, 16.081996767076895 ], [ 78.572023898836434, 16.029888594373027 ], [ 78.633095851821778, 16.090326300836946 ], [ 78.726678596059045, 16.013656570156158 ], [ 78.837562871906314, 16.044683508070737 ], [ 78.836397649728411, 16.152243010174438 ], [ 78.915270274752999, 16.083304561769271 ] ] ] } },
{ "type": "Feature", "properties": { "rid": 33, "name": "S. I. KARNATAKA", "zone": "South", "imd_region": "SOUTH PENINSULA", "STATE": "KARNATAKA" }, "geometry": { "type": "Polygon", "coordinates": [ [ [ 75.071089361203363, 14.630442104213847 ], [ 75.198432163854605, 14.626775981390781 ], [ 75.295978695996723, 14.543446379181072 ], [ 75.365399076095315, 14.409352998483572 ], [ 75.462957955806331, 14.318752238020549 ], [ 75.573888656715397, 14.278428711277988 ], [ 75.638806927180283, 14.322798200446195 ], [ 75.635557352802238, 14.458558230802632 ], [ 75.788557952355035, 14.504908258239437 ], [ 75.828728619858651, 14.670273626785949 ], [ 75.717578342960081, 14.710666543554767 ], [ 75.656396961486919, 14.809350809770775 ], [ 75.735631382657843, 14.875531276904409 ], [ 75.660569713052951, 14.938136280766599 ], [ 75.770640114777478, 14.947838667908586 ], [ 75.842089983446954, 15.035281435316051 ], [ 75.906407051268076, 15.115405608216511 ], [ 76.059778392562549, 15.168889427027395 ], [ 76.17643252958473, 15.221501926832422 ], [ 76.250724517898206, 15.194468038132463 ], [ 76.37294956190992, 15.332984321048531 ], [ 76.490735033651504, 15.342556606288655 ], [ 76.657934948987389, 15.460414503480568 ], [ 76.812167268296093, 15.499186728765586 ], [ 76.846483274746532, 15.628713167555368 ], [ 76.918349951989299, 15.73030963222825 ], [ 77.049939600596986, 15.821112077601864 ], [ 77.085760001457743, 15.641739999485313 ], [ 77.021820002045189, 15.614940000120829 ], [ 77.023960001803687, 15.465369999929715 ], [ 76.971960002560181, 15.479589999780982 ], [ 77.160130001666275, 15.113989999713377 ], [ 77.09988000186857, 14.971139999826082 ], [ 76.818640003445367, 15.032569999635871 ], [ 76.768330003806796, 14.945489999624233 ], [ 76.837360003377739, 14.934349999905928 ], [ 76.868220002879838, 14.854879999897889 ], [ 76.781080003064332, 14.740389999610288 ], [ 76.755980003629389, 14.573789999431385 ], [ 76.776030003445427, 14.511849999804177 ], [ 76.960270002670399, 14.442789999737643 ], [ 76.866970003284393, 14.303219999340671 ], [ 76.98559000278388, 14.209120000243679 ], [ 77.097140002720565, 14.20400999946188 ], [ 77.12897000240676, 14.314889999922666 ], [ 77.360570001249926, 14.167119999769872 ], [ 77.376330001462861, 14.279629999974272 ], [ 77.426070001224247, 14.264380000020783 ], [ 77.504360001253261, 14.171410000367967 ], [ 77.357660001554351, 14.094680000344709 ], [ 77.337650001495902, 14.020190000029691 ], [ 77.429500001605646, 13.901439999970057 ], [ 77.351860001069753, 13.872760000188698 ], [ 77.273430001844645, 13.980490000015216 ], [ 77.039960002330716, 14.002779999437003 ], [ 76.999870002777968, 14.143390000261594 ], [ 76.905800003183145, 14.128249999646078 ], [ 76.918020002768642, 14.074559999443672 ], [ 77.005370003166405, 13.891890000119977 ], [ 76.976670002836372, 13.705899999425448 ], [ 77.141590002027868, 13.737629999704527 ], [ 77.128530002704096, 13.859059999590452 ], [ 77.174060001915706, 13.86795999964286 ], [ 77.241330001498781, 13.815829999735453 ], [ 77.396420001464691, 13.807340000272559 ], [ 77.4340100015865, 13.686159999920669 ], [ 77.485400000972447, 13.678350000155621 ], [ 77.696860000946998, 13.718449999588577 ], [ 77.793900000937441, 13.80190999955164 ], [ 77.787250000979043, 13.894669999613393 ], [ 77.938350000845617, 13.908920000389914 ], [ 77.909800000444648, 13.812170000191795 ], [ 78.073210000404046, 13.825489999660212 ], [ 78.119679999915888, 13.727450000220255 ], [ 78.090279999920654, 13.610319999951738 ], [ 78.378680000392194, 13.523119999854877 ], [ 78.376580000049699, 13.283749999695976 ], [ 78.580779999714721, 13.226389999691419 ], [ 78.419840000414652, 12.921379999577548 ], [ 78.460950000102983, 12.859480000285661 ], [ 78.384960000234912, 12.902630000010674 ], [ 78.298230000261611, 12.857610000215502 ], [ 78.21900000035906, 12.708769999776461 ], [ 78.222450000141492, 12.750509999899013 ], [ 78.066790000841095, 12.818959999984612 ], [ 77.991600000431575, 12.765540000304108 ], [ 77.857470000748862, 12.847900000271029 ], [ 77.815910000771652, 12.841060000348977 ], [ 77.786480000507424, 12.851929999772215 ], [ 77.748320001181824, 12.699540000069769 ], [ 77.696010000511151, 12.639740000110686 ], [ 77.628880000631739, 12.643739999861987 ], [ 77.549480001359228, 12.561399999678466 ], [ 77.614450001099257, 12.410049999799869 ], [ 77.592410001318257, 12.355159999559437 ], [ 77.416700001547198, 12.214390000058881 ], [ 77.449810001596802, 12.125810000143705 ], [ 77.715600001084582, 12.125640000279677 ], [ 77.748730000769555, 12.020350000037951 ], [ 77.624300001320535, 11.943250000163239 ], [ 77.636150001539534, 11.892429999702006 ], [ 77.518600001303042, 11.882009999777155 ], [ 77.307770001789066, 11.730689999562992 ], [ 77.237810002163954, 11.758589999657726 ], [ 77.062740003417616, 11.697240000106117 ], [ 77.004460003955046, 11.762229999743964 ], [ 76.917820004338182, 11.768519999438416 ], [ 76.806630005403136, 11.59483000008845 ], [ 76.549150008100568, 11.533729999340222 ], [ 76.491850008296609, 11.643939999510621 ], [ 76.40288000959373, 11.624039999962564 ], [ 76.326880010492815, 11.72187999918018 ], [ 76.083630015483209, 11.85113999892817 ], [ 76.070810015395622, 11.931489998884329 ], [ 75.944530017928088, 11.888489998567785 ], [ 75.915360018612404, 11.88795999870908 ], [ 75.826000021515455, 11.930769998535762 ], [ 75.727960023361277, 12.071559999014289 ], [ 75.530140030037529, 12.15382999836973 ], [ 75.399280035233332, 12.31330999789769 ], [ 75.342000037307599, 12.383469997193158 ], [ 75.373551441516085, 12.484789205829706 ], [ 75.550890931109763, 12.488442319913686 ], [ 75.655781362983291, 12.576341789450812 ], [ 75.671612786469154, 12.748249343127645 ], [ 75.569410536163517, 12.9844491933945 ], [ 75.37059746865927, 13.180306238505382 ], [ 75.285120590401689, 13.092664614087957 ], [ 75.223930991396813, 13.215139118668784 ], [ 75.075402388308305, 13.326018679292273 ], [ 75.140906776801771, 13.432319846528609 ], [ 75.071659069542946, 13.47831418826126 ], [ 75.008515896021606, 13.667270153205854 ], [ 74.955445912244869, 13.837376428169192 ], [ 74.83733690779313, 13.882026467579115 ], [ 74.698431619523305, 13.973651925352899 ], [ 74.644197108765795, 14.172094994516719 ], [ 74.761696135090929, 14.156154641089303 ], [ 74.758554625937435, 14.270301834690859 ], [ 74.906157964379332, 14.226529902367679 ], [ 74.894604867022124, 14.292882771619219 ], [ 74.991674742764488, 14.314408397944876 ], [ 74.889674910607226, 14.47365858967032 ], [ 74.956218092769134, 14.54203985289176 ], [ 75.026907964495848, 14.458149796059486 ], [ 75.071089361203363, 14.630442104213847 ] ] ] } },
{ "type": "Feature", "properties": { "rid": 34, "name": "TAMILNADU & PONDICHERY", "zone": "South", "imd_region": "SOUTH PENINSULA", "STATE": "TAMIL NADU" }, "geometry": { "type": "Polygon", "coordinates": [ [ [ 77.148790003627312, 8.588319000186393 ], [ 77.138490003667314, 8.666402999935544 ], [ 77.208240003586724, 8.784122999864996 ], [ 77.117160003585482, 8.944136999890677 ], [ 77.229160002941285, 9.102969000280066 ], [ 77.248120003159357, 9.21650699953072 ], [ 77.310360003107021, 9.288172999599981 ], [ 77.316130003046496, 9.346299000139387 ], [ 77.345290002847207, 9.392710999500359 ], [ 77.371770002793639, 9.431718999608496 ], [ 77.28582000257903, 9.5395459999359 ], [ 77.161310003429321, 9.531630999812959 ], [ 77.221530002751209, 9.908692999514797 ], [ 77.175740002865552, 10.059509999596203 ], [ 77.215580002813994, 10.079370000239567 ], [ 77.240690003016951, 10.157209999660141 ], [ 77.243910003224883, 10.196949999828858 ], [ 77.155530003009986, 10.317789999539771 ], [ 76.908040004806224, 10.192760000254722 ], [ 76.807380006301983, 10.246800000108848 ], [ 76.796610006089864, 10.279899999705314 ], [ 76.780180006149749, 10.316609999625568 ], [ 76.758190005836752, 10.593450000183859 ], [ 76.851710005655946, 10.717650000225579 ], [ 76.7347700064891, 10.837119999915585 ], [ 76.624730007617956, 10.867889999903891 ], [ 76.65323000737645, 10.959839999530759 ], [ 76.763890005854975, 11.013210000178699 ], [ 76.684070006953831, 11.083279999738794 ], [ 76.69363000627753, 11.190719999544104 ], [ 76.562860008124218, 11.157349999383216 ], [ 76.431440010179529, 11.164579999483083 ], [ 76.503200008534165, 11.248019999931472 ], [ 76.483480008810261, 11.304159999812992 ], [ 76.219440013070042, 11.423909999148439 ], [ 76.215900012497144, 11.515479999530728 ], [ 76.3179100112242, 11.538439999615765 ], [ 76.40288000959373, 11.624039999962578 ], [ 76.491850008296623, 11.643939999510637 ], [ 76.549150008100568, 11.53372999934024 ], [ 76.80663000540315, 11.59483000008845 ], [ 76.917820004338211, 11.76851999943845 ], [ 77.004460003955046, 11.762229999743964 ], [ 77.062740003417616, 11.697240000106117 ], [ 77.237810002163954, 11.758589999657742 ], [ 77.307770001789052, 11.730689999563012 ], [ 77.518600001303042, 11.882009999777191 ], [ 77.636150001539548, 11.892429999702006 ], [ 77.62430000132052, 11.943250000163257 ], [ 77.748730000769555, 12.020350000037965 ], [ 77.715600001084582, 12.125640000279695 ], [ 77.449810001596802, 12.125810000143719 ], [ 77.416700001547213, 12.214390000058897 ], [ 77.592410001318271, 12.355159999559453 ], [ 77.614450001099272, 12.410049999799888 ], [ 77.549480001359242, 12.561399999678466 ], [ 77.628880000631753, 12.643739999862021 ], [ 77.696010000511166, 12.639740000110702 ], [ 77.748320001181838, 12.699540000069785 ], [ 77.786480000507424, 12.851929999772235 ], [ 77.815910000771652, 12.841060000348994 ], [ 77.857470000748862, 12.847900000271029 ], [ 77.991600000431575, 12.765540000304108 ], [ 78.066790000841095, 12.818959999984612 ], [ 78.222450000141492, 12.750509999899045 ], [ 78.21900000035906, 12.708769999776461 ], [ 78.293130000269585, 12.65641000026269 ], [ 78.406039999988053, 12.59126999974295 ], [ 78.556059999761203, 12.77653000025186 ], [ 78.614310000271203, 13.003039999929742 ], [ 78.729449999721894, 13.073090000160249 ], [ 79.235429999892659, 12.986389999832051 ], [ 79.297870000454651, 13.004089999660449 ], [ 79.311940000120487, 13.061599999669529 ], [ 79.414060000190972, 13.155359999951267 ], [ 79.441309999813043, 13.304709999694438 ], [ 79.799710000193571, 13.207159999565977 ], [ 79.823429999777261, 13.259070000301246 ], [ 79.960010000306639, 13.30983999958573 ], [ 80.051229999885635, 13.425580000218176 ], [ 80.042789999904386, 13.489619999590898 ], [ 80.178409999636287, 13.441910000297622 ], [ 80.273190000375109, 13.400759999836666 ], [ 80.363869999582946, 13.281659999596517 ], [ 80.354770000029788, 13.105479999595458 ], [ 80.329919999613139, 13.034170000273217 ], [ 80.310789999707353, 12.971189999729837 ], [ 80.172279999706561, 12.422910000011523 ], [ 80.037329999778308, 12.43812999972492 ], [ 80.141970000097956, 12.372969999773716 ], [ 80.032210000123584, 12.180570000108821 ], [ 79.978350000031369, 12.077879999938922 ], [ 79.897230000307218, 11.978949999986604 ], [ 79.860440000356803, 11.866960000171751 ], [ 79.827420000154348, 11.72443999994705 ], [ 79.793449999574534, 11.351519999728229 ], [ 79.74294000007805, 11.298629999646229 ], [ 79.815009999836064, 11.292280000145322 ], [ 79.866389999612011, 10.941689999687647 ], [ 79.8541500001499, 10.847420000177285 ], [ 79.855969999831913, 10.768850000304772 ], [ 79.867730000408159, 10.183169999577313 ], [ 79.565429999772533, 10.19361000011623 ], [ 79.547669999593737, 10.233310000093464 ], [ 79.306050000037544, 10.193480000106543 ], [ 79.240999999960025, 10.086310000205529 ], [ 79.244169999795702, 9.942336000355471 ], [ 79.133759999774711, 9.788062000299842 ], [ 78.96056000044149, 9.559835999680672 ], [ 78.901800000172685, 9.380816000385234 ], [ 78.92737000042203, 9.265702000332888 ], [ 79.168160000011383, 9.166792000136724 ], [ 78.840649999805819, 9.140117999959577 ], [ 78.391500000542294, 9.00539399995804 ], [ 78.137270000541918, 8.796600999612354 ], [ 78.130900000934602, 8.670473999617037 ], [ 78.17178000011566, 8.65235899974965 ], [ 78.106750000621346, 8.569094999922974 ], [ 78.099030000460118, 8.38601300036529 ], [ 78.015030000740992, 8.26770000008451 ], [ 77.755360001071239, 8.091819999687475 ], [ 77.535330001729079, 8.040088999925073 ], [ 77.50207000230057, 7.96349999970051 ], [ 77.342000002878891, 8.002194000012089 ], [ 77.077480004271393, 8.184670999624768 ], [ 77.148570003830898, 8.395157000260355 ], [ 77.211120003428647, 8.491554999942952 ], [ 77.148790003627312, 8.588319000186393 ] ] ] } },
{ "type": "Feature", "properties": { "rid": 35, "name": "TELANGANA", "zone": "South", "imd_region": "SOUTH PENINSULA", "STATE": "TELANGANA" }, "geometry": { "type": "Polygon", "coordinates": [ [ [ 81.806582797118097, 17.906234874413475 ], [ 81.794383613769696, 17.871689032431142 ], [ 81.719080961729119, 17.776326621970398 ], [ 81.587863997720817, 17.722957076295007 ], [ 81.537602268017579, 17.60352739476744 ], [ 81.512329235887108, 17.484019023843977 ], [ 81.381246157261103, 17.364735024545372 ], [ 81.319045756768503, 17.400717929543102 ], [ 81.250437541043581, 17.323088366307474 ], [ 81.175738462665691, 17.323167821014156 ], [ 81.181875365699497, 17.233475729565932 ], [ 80.995218309856142, 17.179745281993902 ], [ 80.926775399562715, 17.233544592789695 ], [ 80.939242717651993, 17.161798612188679 ], [ 80.883266729100185, 17.161774017887168 ], [ 80.833621909627837, 17.036175652676878 ], [ 80.70925958206341, 17.071911036120156 ], [ 80.672023292713646, 17.03597916483168 ], [ 80.659451718671889, 17.113687637662284 ], [ 80.55988229323188, 17.149370126589162 ], [ 80.516565791259012, 17.065564364511683 ], [ 80.466921636817645, 17.035544796572211 ], [ 80.398402777620532, 17.083185472909651 ], [ 80.404940895660459, 16.981561612043592 ], [ 80.498330845677472, 16.910063184645679 ], [ 80.504385309868312, 16.969869390281506 ], [ 80.597682338099816, 16.922241097232149 ], [ 80.572984360395935, 16.856419564679662 ], [ 80.604192360808042, 16.778751449494916 ], [ 80.511075456064191, 16.784530756745959 ], [ 80.393031064864275, 16.820091495866837 ], [ 80.355682366273214, 16.849873211734085 ], [ 80.305507821198688, 16.987226052789996 ], [ 80.205919555776561, 17.028714030975944 ], [ 80.112899545757543, 16.986478657579301 ], [ 79.995394047803558, 16.884297657851434 ], [ 80.076639468943554, 16.777062529941166 ], [ 79.928530580774037, 16.626880727430535 ], [ 79.878540480739858, 16.692380626318521 ], [ 79.791474551024905, 16.727760576667951 ], [ 79.630518977478346, 16.678931856286699 ], [ 79.420299795647196, 16.599726183831784 ], [ 79.234726178908275, 16.556393535128556 ], [ 79.211256911986226, 16.412742203387459 ], [ 79.200675759667575, 16.215404478933216 ], [ 79.064298195789348, 16.244088968049219 ], [ 78.928703991983014, 16.194995796630057 ], [ 78.917522987625588, 16.081334361573443 ], [ 78.836397649728411, 16.152243010174438 ], [ 78.837562871906314, 16.044683508070737 ], [ 78.726678596059045, 16.013656570156158 ], [ 78.633095851821778, 16.090326300836946 ], [ 78.572023898836434, 16.029888594373027 ], [ 78.429254959487437, 16.081996767076895 ], [ 78.26935529235999, 16.026247739925729 ], [ 78.251888600860482, 15.948362564139616 ], [ 78.123948194546728, 15.827222285592986 ], [ 78.036534886236282, 15.897722301754388 ], [ 77.931815993012421, 15.884314646644508 ], [ 77.653815515180554, 15.90407356137899 ], [ 77.490833533461128, 15.907115648650628 ], [ 77.512860000947114, 16.306230000211837 ], [ 77.299190000915857, 16.365320000343313 ], [ 77.303780001330011, 16.457369999962967 ], [ 77.401770001028581, 16.48630999975353 ], [ 77.470930000495656, 16.589249999887333 ], [ 77.439210000938829, 16.737610000246399 ], [ 77.48714000044771, 17.091240000238631 ], [ 77.387210000507636, 17.191500000231226 ], [ 77.574460000638368, 17.405269999561664 ], [ 77.707390000452264, 17.478980000328068 ], [ 77.513160000466812, 17.508740000232859 ], [ 77.457100000708962, 17.574150000044408 ], [ 77.528560000825138, 17.766279999713177 ], [ 77.674260000280611, 17.936760000084547 ], [ 77.644640000215745, 17.978299999905101 ], [ 77.579870000799261, 17.947030000255097 ], [ 77.552120000423045, 17.994149999594569 ], [ 77.608610000043953, 18.069010000363797 ], [ 77.587659999938651, 18.199809999827274 ], [ 77.625040000423809, 18.251249999963836 ], [ 77.583979999868006, 18.265729999507517 ], [ 77.569300000060338, 18.273019999824644 ], [ 77.533830000421943, 18.391580000379395 ], [ 77.584239999873333, 18.413429999994378 ], [ 77.576610000745418, 18.483030000070375 ], [ 77.799010000485964, 18.558410000367584 ], [ 77.774570000501456, 18.657579999883275 ], [ 77.861090000526502, 18.784610000251437 ], [ 77.873650000444513, 18.895229999849391 ], [ 77.77727999984242, 18.956640000218211 ], [ 77.875720000283764, 19.079099999885337 ], [ 77.879780000148145, 19.260179999644205 ], [ 77.98512000050323, 19.298130000057586 ], [ 78.087120000054227, 19.166110000075047 ], [ 78.213840000485163, 19.219880000396302 ], [ 78.216640000182593, 19.356370000231404 ], [ 78.312150000483811, 19.414509999801091 ], [ 78.335769999941277, 19.529750000042434 ], [ 78.312359999889196, 19.64283999976324 ], [ 78.373360000034964, 19.749909999873584 ], [ 78.328669999847861, 19.820180000337601 ], [ 78.336119999651984, 19.873109999811408 ], [ 78.485539999883201, 19.702259999692114 ], [ 78.742360000422678, 19.740520000353044 ], [ 78.801420000279464, 19.701760000450442 ], [ 78.809619999961569, 19.632190000109478 ], [ 78.958230000140446, 19.503650000072327 ], [ 79.229929999661962, 19.410479999679787 ], [ 79.284420000259502, 19.557200000072342 ], [ 79.500179999732879, 19.465470000149526 ], [ 79.814690000100057, 19.516320000338531 ], [ 79.845020000372486, 19.437380000375306 ], [ 80.004550000341155, 19.340540000001866 ], [ 80.019160000399893, 19.288519999861524 ], [ 79.885869999889422, 19.080840000261418 ], [ 79.878989999811722, 19.034419999727081 ], [ 79.98344999965903, 18.937650000462025 ], [ 79.922700000357935, 18.759479999705736 ], [ 80.095340000325351, 18.699640000236563 ], [ 80.252400000276921, 18.688939999691321 ], [ 80.334960000028474, 18.577180000410159 ], [ 80.415889999548142, 18.575919999848125 ], [ 80.607780000034509, 18.53414000016911 ], [ 80.742200000389147, 18.332750000241255 ], [ 80.78582999966045, 18.126259999964077 ], [ 80.876599999915271, 18.178639999775715 ], [ 80.874310000272402, 18.120119999725031 ], [ 80.982319999856841, 18.126820000319064 ], [ 81.020719999980358, 17.770710000401607 ], [ 81.063289999959622, 17.749949999875959 ], [ 81.192949999929269, 17.819549999885545 ], [ 81.40329999974206, 17.776850000446018 ], [ 81.633059999956259, 17.838729999842197 ], [ 81.801829999656007, 17.904749999736126 ], [ 81.806582797118097, 17.906234874413475 ] ] ] } }
]
}
